param_max_depth,param_learning_rate,param_n_estimators,param_subsample,param_colsample_bytree,param_min_child_weight,param_reg_lambda,mean_test_rmse,mean_test_mae,mean_test_r2,std_test_rmse,rank_test_rmse,rank_test_mae,rank_test_r2
4,0.01,800,0.6,0.6,5,1.0,0.6335411247990494,0.45414132144246266,0.4884796816708171,0.01900462461059298,1,4,1
5,0.03,200,0.6,0.6,5,1.0,0.634259699457358,0.4542722147665185,0.48741758710463934,0.019197269081306315,2,5,2
4,0.01,800,0.6,0.8,1,5.0,0.6348454953901363,0.454328715727861,0.4863775975020405,0.018784054806681626,3,6,3
3,0.01,800,0.6,0.6,3,1.0,0.6351724498183724,0.45658959299237906,0.4858003983955491,0.01938682347157751,4,38,4
5,0.01,800,0.6,0.6,1,1.0,0.6354409085728692,0.45403522878505714,0.4854396676726429,0.019336230484306927,5,2,5
4,0.01,800,0.8,0.6,1,5.0,0.6355875049568701,0.4550483993692539,0.4851284300640465,0.01839599409969594,6,12,6
8,0.01,400,0.6,0.8,5,1.0,0.6358364858366907,0.45455458742885907,0.484952315101137,0.020149221504813946,7,7,7
5,0.01,800,0.6,1.0,5,1.0,0.6358915882204903,0.45409807223094767,0.4846046801458378,0.018635808767099183,8,3,9
4,0.03,200,0.6,0.6,1,1.0,0.6359180415103112,0.4555699801322078,0.4847266387708231,0.018557112879532548,9,18,8
4,0.03,200,0.6,0.8,3,5.0,0.6360923971355608,0.4556944658691773,0.48441489308704944,0.018482737856380837,10,20,10
4,0.01,400,0.6,1.0,5,1.0,0.6361765975716487,0.4560145222461828,0.4843487755247834,0.019483477868697727,11,30,11
4,0.03,200,0.6,0.8,1,1.0,0.6362578471146447,0.45682703170089123,0.4841966249409559,0.01875631132424884,12,46,12
3,0.05,200,0.6,0.8,3,5.0,0.6363106563513281,0.45719841201078315,0.48406069250112954,0.01951798109796524,13,57,15
5,0.01,800,0.8,0.6,3,1.0,0.6363189458772769,0.4546901875945973,0.48417814236586343,0.019519006801210166,14,8,13
5,0.01,400,0.6,0.8,5,5.0,0.6363269914846506,0.45496482575966607,0.4841325503824635,0.01978085515272598,15,11,14
3,0.01,800,0.6,0.6,3,5.0,0.6363536941605846,0.4572423368992923,0.48386221122848355,0.01962320721207655,16,59,17
6,0.01,800,0.6,0.6,3,1.0,0.6364368737197021,0.4551347642138766,0.4838754291005249,0.019664972991569135,17,13,16
3,0.01,800,0.6,0.6,5,5.0,0.6365299927985257,0.45737935776248745,0.4835645419730291,0.019424402807990574,18,66,19
3,0.03,400,0.6,0.8,3,1.0,0.6365979773257375,0.45753293072588425,0.48360668752296354,0.019504264113937377,19,74,18
5,0.01,800,0.6,0.8,3,5.0,0.6366217924125039,0.4539213990080914,0.48350754911967087,0.018738051135176754,20,1,20
3,0.03,400,0.6,0.6,1,5.0,0.6367320195461688,0.45701353463252115,0.48318924135655406,0.017795058793076423,21,52,24
3,0.03,400,1.0,0.6,5,1.0,0.6367707541115426,0.45736570492500717,0.48320284205018,0.01830095714717776,22,65,23
4,0.05,200,0.8,0.6,5,1.0,0.6367994741640707,0.4552659085410474,0.48323698929312203,0.017919334068228383,23,15,21
6,0.01,800,0.8,0.6,5,1.0,0.6368944473781897,0.45487038614863745,0.48322123345945034,0.019950185215776746,24,9,22
3,0.05,200,0.6,0.8,1,5.0,0.636929129915522,0.4575373307718452,0.48282624716957095,0.01815200868850999,25,75,27
4,0.03,200,0.8,0.6,1,1.0,0.63703761315553,0.4561406984031623,0.4828958597299713,0.019173000419528498,26,31,25
4,0.03,400,1.0,0.6,1,1.0,0.63708288235869,0.4559844904003786,0.4828811372094736,0.019241085858312294,27,28,26
3,0.03,400,0.8,0.8,3,5.0,0.6371895170962788,0.45732179035133613,0.482621090625546,0.019065965195382773,28,63,28
3,0.03,400,0.6,0.8,1,5.0,0.637193655194799,0.457180006279723,0.48254526220903654,0.018879357685129133,29,56,30
3,0.01,800,0.8,0.6,5,5.0,0.6372263812729873,0.4579281512087892,0.4824298646685527,0.018770493149568294,30,85,32
3,0.05,200,0.6,0.8,5,5.0,0.6372666083136446,0.4578164205336025,0.4823276004069926,0.017407689842870458,31,81,33
6,0.01,800,0.6,0.6,1,1.0,0.6372945320860346,0.4553581392767171,0.48256489132738434,0.020829557534833565,32,16,29
4,0.03,400,1.0,0.8,1,1.0,0.6373241085072131,0.4572620789520238,0.4824742013317371,0.019851057276200443,33,60,31
3,0.03,400,1.0,0.6,3,5.0,0.6376097464060828,0.45793798293527266,0.4818573607703017,0.018533972500601112,34,86,34
3,0.1,200,1.0,0.6,1,1.0,0.6377514507031703,0.4580985488791309,0.4816804788068055,0.019681410988713587,35,91,35
5,0.03,200,0.6,1.0,5,1.0,0.6378174742631606,0.45593229992777573,0.48165047598354455,0.019266336437031815,36,27,36
4,0.03,400,0.8,0.6,1,1.0,0.637818057607624,0.4568030503976185,0.4816345379438811,0.01839745408771922,37,45,37
3,0.03,400,0.8,0.6,3,5.0,0.63784247381357,0.4574383301419179,0.4815148266877548,0.01955742453951285,38,69,38
3,0.01,800,0.8,1.0,5,5.0,0.6379070244283255,0.45862938674649334,0.48149024928946715,0.02010114984493683,39,108,39
3,0.03,400,1.0,0.6,3,1.0,0.6380439175263855,0.45743035425237144,0.48121825351685654,0.019264222356713673,40,68,40
4,0.05,200,0.6,0.6,1,1.0,0.6380634645454697,0.4576125667083507,0.4812079439144762,0.0178557366234339,41,78,41
4,0.01,400,0.6,0.8,3,5.0,0.6380956288621139,0.45732668239493385,0.4811839346498473,0.019779949545684877,42,64,42
3,0.05,200,0.8,0.6,1,5.0,0.6381186582184221,0.4581904732832484,0.4809723319864105,0.019273921459701675,43,93,44
3,0.05,200,0.6,0.8,1,1.0,0.6381586686058458,0.45908264757799416,0.48086155440177725,0.01776778677781495,44,116,47
6,0.01,800,0.8,0.6,1,1.0,0.6382789528980364,0.45493377667709745,0.4809830999630213,0.019570198924094385,45,10,43
4,0.03,200,0.8,0.8,5,5.0,0.6383129194726129,0.456917287679822,0.4809267326039226,0.01988544552576379,46,48,45
5,0.03,200,1.0,0.6,5,1.0,0.6383355885705526,0.4564780148733785,0.48090050813042023,0.019874721241628805,47,35,46
4,0.05,200,0.8,0.6,1,5.0,0.6383434316707557,0.4564344096020145,0.4805472255913695,0.0167753172222128,48,34,50
4,0.05,400,1.0,0.6,1,1.0,0.6384160697345873,0.45798078649950663,0.48064867803261074,0.01842481552927989,49,87,48
6,0.01,800,0.8,0.6,5,5.0,0.6384433139926434,0.4551780951169949,0.48064849156407163,0.019789369430080354,50,14,49
3,0.05,400,1.0,1.0,3,1.0,0.6385681821335297,0.4592378230673325,0.48045664237991714,0.018724236083751615,51,122,51
3,0.03,400,0.8,1.0,5,5.0,0.6385790561084331,0.45819576039304044,0.4803888170718812,0.020246628385729073,52,94,52
6,0.03,200,0.6,0.6,1,1.0,0.6386098049009403,0.45583599968065514,0.4803690235268935,0.018774758307636114,53,23,53
4,0.01,400,0.6,0.6,1,5.0,0.6386183737383307,0.45767824706565535,0.48034620095698893,0.021018506419705162,54,79,54
6,0.03,200,0.6,0.6,3,1.0,0.6387392231655658,0.4555074853652397,0.4802549021011303,0.020429675183472936,55,17,55
4,0.03,200,0.8,0.6,3,5.0,0.6387455496309096,0.4573814843135936,0.480163550607001,0.01946477638101245,56,67,58
4,0.03,400,1.0,0.8,5,5.0,0.6387532610934519,0.45712036145467305,0.48024086022174617,0.020053987917426883,57,55,56
5,0.03,400,0.8,0.8,3,1.0,0.6387869290912196,0.45586402265740816,0.48011289931831813,0.018699592975036587,58,24,59
5,0.03,200,0.6,1.0,1,1.0,0.6388182968572551,0.45616435471163364,0.48023160985381563,0.020723512738822055,59,32,57
4,0.03,400,0.8,0.8,5,1.0,0.6388249414293701,0.45685373123415174,0.4799728655022878,0.019089385934223563,60,47,61
3,0.03,400,0.8,1.0,5,1.0,0.6389376221749269,0.45826486171459974,0.48002274497812447,0.021675575767191195,61,97,60
3,0.05,400,0.8,0.6,3,5.0,0.6389940572584374,0.45847380015860784,0.47972906782507696,0.02049793337365314,62,107,62
3,0.03,800,0.6,0.6,5,5.0,0.639081164164929,0.4583219316759469,0.47933199078833644,0.01688145896505412,63,101,71
4,0.05,200,0.6,0.6,3,1.0,0.6391235982842081,0.45830387065575506,0.47930791092607467,0.01595183092763889,64,99,72
3,0.05,400,0.8,0.6,1,1.0,0.6391282767085353,0.4582997020412473,0.4793735685595638,0.018588829764448596,65,98,68
5,0.01,400,1.0,0.6,3,1.0,0.6391482343058007,0.4572936126518036,0.4796340475677444,0.02107821029966846,66,62,64
6,0.01,400,0.8,1.0,5,1.0,0.639156619206123,0.4557317999144053,0.4795726774942667,0.02033980594721328,67,22,65
3,0.05,200,1.0,0.6,5,5.0,0.6391681150719689,0.4584449322967066,0.4793894832650379,0.01983421705603879,68,105,67
5,0.01,400,0.8,1.0,5,5.0,0.6391897685286272,0.45674230054911824,0.4795473149258488,0.019804486159760454,69,44,66
5,0.01,400,1.0,0.6,5,1.0,0.6391936784816366,0.45662560900158045,0.47965158750363307,0.021553354747079687,70,40,63
4,0.05,200,1.0,0.8,3,1.0,0.6391972887475623,0.4583689728826492,0.4791749549320109,0.01642487721673568,71,102,73
4,0.03,400,0.8,0.8,3,1.0,0.639227504926094,0.4566920915747021,0.4793498843075734,0.0197608881333943,72,41,70
3,0.03,200,0.6,0.6,5,5.0,0.6392308548138996,0.4597562366703295,0.4791695860688964,0.01794231876317838,73,139,74
5,0.05,200,0.8,0.6,3,5.0,0.6393657908705088,0.4559152926262436,0.47936058835125045,0.020370364038592513,74,26,69
6,0.01,800,0.8,0.6,1,5.0,0.6394195225445698,0.45572452686671727,0.4790618382892304,0.01931771217558641,75,21,76
8,0.01,400,0.6,0.6,3,1.0,0.6394247654878678,0.4567164538278699,0.47908776564044925,0.020788502578818067,76,42,75
3,0.03,200,0.6,0.6,1,1.0,0.6394423453664898,0.45950015817678896,0.47885497904586083,0.018532092487516794,77,127,78
3,0.01,800,1.0,0.6,3,1.0,0.6395078532445042,0.4591003728364191,0.4788294014076836,0.01905765714845842,78,118,80
4,0.05,200,0.6,0.8,5,5.0,0.6395529330737593,0.4574402894141231,0.47895588727967564,0.019396812462080616,79,70,77
4,0.03,200,1.0,0.8,3,5.0,0.6395896476908909,0.45800118461373857,0.47883632299869283,0.019706735578944323,80,88,79
6,0.01,800,0.8,0.6,3,5.0,0.639633996256464,0.4556848862335198,0.4786967366896609,0.01918828375098225,81,19,82
4,0.05,200,1.0,0.6,1,5.0,0.6396481258613264,0.457446262687054,0.47874672028288,0.019972933144211603,82,72,81
4,0.05,200,0.8,0.8,5,5.0,0.6397160144559291,0.456961596803401,0.47849731644658533,0.01842546899813145,83,50,83
3,0.03,200,0.6,0.6,3,5.0,0.6397222741104605,0.4596892765053792,0.47830757757867204,0.017755920830487673,84,137,86
3,0.03,400,1.0,1.0,1,5.0,0.6397857782598022,0.46017187082811617,0.47838451175174035,0.019380091363714158,85,148,84
3,0.03,800,0.6,0.8,1,1.0,0.6398570780106944,0.45807160962348437,0.47829584284036775,0.02035735069173799,86,90,87
5,0.03,200,0.8,1.0,1,5.0,0.6398598715033268,0.4566177344758918,0.4783763054224692,0.019698121488798945,87,39,85
3,0.05,200,0.8,0.8,1,5.0,0.6398995487943984,0.4593625814200421,0.4781435965875742,0.01883280506704078,88,126,90
3,0.01,800,1.0,0.6,1,1.0,0.6399290084946065,0.45962170626942755,0.4781633658522136,0.01957990861021824,89,134,89
3,0.01,800,1.0,1.0,1,1.0,0.6399967986216784,0.4605551110392495,0.47813805863865266,0.02082806800951687,90,155,91
5,0.03,400,0.6,0.8,5,5.0,0.640035575538026,0.4558878990286989,0.4780788721182169,0.019309707818843114,91,25,93
6,0.03,200,0.8,0.6,1,1.0,0.640049318320895,0.4563327732549033,0.4781970813571902,0.020438563711258826,92,33,88
3,0.01,800,1.0,0.8,1,5.0,0.6400774226514498,0.46004514597249757,0.4779179851829255,0.019925740565321738,93,146,94
6,0.01,800,0.8,0.8,1,1.0,0.6402131547281789,0.4565230090614791,0.4777310963639427,0.01858233731465435,94,36,96
6,0.01,400,0.8,0.8,3,5.0,0.6402313630967156,0.4560092152556088,0.4778315371456083,0.020629711036510293,95,29,95
5,0.05,200,0.6,1.0,5,1.0,0.6402427223100591,0.4570045913173029,0.47811203153679693,0.025383742240716503,96,51,92
5,0.03,400,0.6,0.6,1,5.0,0.6403399902276499,0.45707099642746735,0.4774953890553211,0.01804518381141699,97,54,97
3,0.01,800,1.0,0.6,1,5.0,0.6405436106847829,0.45952000622802586,0.4771005642839808,0.019125647436650843,98,128,100
6,0.01,800,1.0,0.6,3,1.0,0.6405589403648895,0.4570164294447694,0.4771980931936396,0.01888588132127037,99,53,99
3,0.03,800,0.8,0.8,1,5.0,0.6406148145658328,0.45823902525554694,0.4772362320676879,0.02144947773640311,100,95,98
5,0.01,400,1.0,0.8,1,1.0,0.6408970677064606,0.4583898857336465,0.47667333089867003,0.018659507371214572,101,103,101
3,0.05,400,0.6,0.8,3,1.0,0.6409611189339508,0.45960773095273605,0.4760912813376688,0.018118395746246137,102,132,110
5,0.05,200,0.6,0.8,3,5.0,0.6410371373291419,0.45673302209270084,0.47652726295906495,0.0194403832108019,103,43,102
6,0.01,400,1.0,0.6,3,1.0,0.6410987248999556,0.4572663842367993,0.4764595633608192,0.021091864988178305,104,61,103
3,0.03,800,0.8,0.8,3,1.0,0.6411229561967499,0.45935167330201887,0.47625824754786433,0.020595345889554473,105,125,104
6,0.03,200,0.8,1.0,5,1.0,0.6411563479317932,0.45744256171115694,0.47623342082678366,0.017917110070714448,106,71,105
4,0.05,200,1.0,1.0,1,5.0,0.641183694430657,0.45918066578408157,0.47613149709994007,0.018639492414180638,107,119,107
3,0.03,200,0.8,0.6,3,1.0,0.6411930104572082,0.4605035819069256,0.4761848933380846,0.020692359002488697,108,151,106
8,0.01,800,0.6,0.6,3,1.0,0.6412238415394291,0.4578464653582479,0.4760623001377125,0.01973176835617332,109,83,111
6,0.01,800,0.8,0.8,1,5.0,0.6412268243485653,0.4569268574361504,0.47611782615215,0.018851427482455323,110,49,109
3,0.01,800,1.0,1.0,5,5.0,0.6413074964296641,0.46127788122563934,0.4760001413109225,0.020616565028318382,111,172,112
4,0.01,400,1.0,1.0,3,1.0,0.6413202632849166,0.4603963357344207,0.4761266676215225,0.021242878863204032,112,150,108
4,0.03,400,1.0,1.0,1,5.0,0.6413682182269473,0.45935086984815304,0.47588643884973914,0.020778843883590203,113,124,113
3,0.05,400,0.8,1.0,5,5.0,0.641368878455234,0.4592001555803592,0.47570975908882873,0.018518387485979834,114,121,114
3,0.03,800,0.8,0.6,5,5.0,0.6415388512023743,0.45889103648443497,0.4755689342529891,0.021874069791490057,115,113,115
6,0.03,400,0.8,0.6,3,1.0,0.6416408102287868,0.457610372279052,0.4752428591093249,0.017292368221462847,116,77,117
6,0.03,200,0.8,1.0,5,5.0,0.6417632942417191,0.45658793934429565,0.4754347778694016,0.021351114948102375,117,37,116
3,0.05,400,0.8,1.0,5,1.0,0.6418112650089334,0.4599645388751319,0.4751660001266044,0.01935358281752661,118,144,119
3,0.05,400,0.6,0.8,1,1.0,0.6418214216223352,0.4597682696917439,0.4748369308887524,0.0179289529552989,119,141,122
5,0.03,400,0.6,1.0,5,1.0,0.6418609499576577,0.45812606159297087,0.4750517601362583,0.019697834549277433,120,92,120
6,0.01,400,1.0,0.6,1,1.0,0.6418668148311166,0.4575654759334486,0.4752369522561464,0.02074056564493079,121,76,118
6,0.03,400,0.8,0.6,5,5.0,0.6420114202654517,0.4582392868026304,0.4746840977737882,0.01852184839893626,122,96,124
3,0.03,200,1.0,0.8,3,5.0,0.6420420502512723,0.4620439619148973,0.4748547277692186,0.020886633956752138,123,186,121
8,0.01,800,0.6,1.0,3,1.0,0.6421413390691572,0.45802291890829216,0.47470240711877576,0.02004138322832494,124,89,123
6,0.01,800,1.0,0.6,1,5.0,0.6423220113333843,0.45784483509791424,0.47443306122121987,0.02097162121270616,125,82,125
5,0.03,400,0.6,1.0,1,5.0,0.6424676529376778,0.45872588133338155,0.4740564743472577,0.019464895224883216,126,110,128
6,0.01,800,0.8,1.0,1,1.0,0.64250183838149,0.4574721343916541,0.4741065000191851,0.020319169112551792,127,73,126
8,0.03,200,0.6,0.6,3,5.0,0.6425162915634556,0.45721629744053977,0.474068331656886,0.020354520412770263,128,58,127
5,0.01,400,1.0,1.0,1,5.0,0.6425202481769967,0.45967531004830803,0.47402776556469106,0.01908701156599908,129,135,129
6,0.01,400,0.8,1.0,1,5.0,0.6426530972586786,0.4579191537174266,0.47388174422626533,0.020001726748818453,130,84,130
5,0.05,400,0.8,0.6,1,1.0,0.6427363715649985,0.4589217125377643,0.4733321588722079,0.014452107596791696,131,114,134
6,0.03,400,0.8,0.6,1,1.0,0.6428011247594455,0.4583084788634714,0.473574157360724,0.019444717660584823,132,100,132
6,0.01,400,1.0,0.6,1,5.0,0.6428548573685761,0.45846143756743585,0.4736779405600092,0.022313505147283752,133,106,131
5,0.03,400,1.0,0.8,5,1.0,0.6428668384471015,0.45968810776335056,0.4735168962936613,0.018990074640806178,134,136,133
6,0.03,400,0.6,0.6,1,1.0,0.6429487322763052,0.4588863801541545,0.4731774751151131,0.0178974780135663,135,112,135
4,0.05,400,1.0,0.6,1,5.0,0.6432041958629849,0.45952136023248924,0.4729112992067158,0.02011505500891965,136,129,138
4,0.01,400,1.0,0.8,5,5.0,0.6432233044610941,0.46116100107743074,0.47297612285412927,0.021330378510477,137,168,136
6,0.05,200,0.6,0.6,1,5.0,0.6432405405401347,0.4583995320903774,0.47293467833872,0.020441163616621315,138,104,137
3,0.1,200,0.6,0.8,5,5.0,0.6433461963233625,0.46145952176878186,0.4726924504338932,0.019856397961137574,139,176,139
8,0.01,800,0.8,0.6,1,1.0,0.6433758806702314,0.45877223234725906,0.472641969768066,0.019212209044255673,140,111,140
3,0.05,800,1.0,0.6,1,1.0,0.643440436001752,0.46137884255359474,0.47263912246887685,0.021192900145519795,141,175,141
3,0.03,200,1.0,1.0,5,5.0,0.6434860455060762,0.4631771500238499,0.4724813465364483,0.021167501096868775,142,203,143
8,0.01,800,0.8,0.8,1,1.0,0.6435217373632002,0.4589522913849359,0.4721202081190409,0.017781659886732668,143,115,144
8,0.01,200,0.6,1.0,5,1.0,0.6436464533522793,0.4612422768732663,0.4724895157129369,0.021928686116203917,144,170,142
3,0.03,800,0.8,1.0,3,5.0,0.6437793600047674,0.4609603426735065,0.47200709199916346,0.0223250702793757,145,163,145
6,0.05,200,0.6,0.8,3,1.0,0.6438850901723175,0.4586492362632475,0.4716840677839155,0.01909373900916402,146,109,147
4,0.05,400,0.8,0.8,1,5.0,0.6440137723309715,0.4597300813946408,0.4715799701366805,0.02001496955307963,147,138,148
8,0.03,200,0.6,0.6,1,1.0,0.6440161164028181,0.45954454101627623,0.4717088540308844,0.02250369957812401,148,130,146
8,0.01,800,0.8,0.8,3,5.0,0.6440166850781259,0.4577262507049852,0.47151844826539424,0.01952156666670181,149,80,149
3,0.05,400,0.8,0.8,1,1.0,0.6441866622331068,0.4612708470563149,0.4711281161099839,0.018965247442608236,150,171,151
4,0.05,400,1.0,0.8,3,5.0,0.6442045125746472,0.4595601316237229,0.4712834654368104,0.02049291692941117,151,131,150
5,0.05,200,1.0,1.0,5,1.0,0.644277193044607,0.46110709855983945,0.4709445438896898,0.016603823195690554,152,165,153
6,0.01,400,1.0,0.8,3,5.0,0.6445611733196818,0.4590881912844459,0.4710022377534644,0.02284902730744276,153,117,152
3,0.01,400,0.6,0.6,5,5.0,0.6445629766009429,0.46308766850298316,0.4707435029085792,0.02266651321207251,154,201,154
6,0.03,400,0.6,0.8,5,1.0,0.6446056886739184,0.4591902245791342,0.4705171928239258,0.020119465317711086,155,120,157
8,0.03,400,0.6,0.6,5,1.0,0.6446140694326575,0.46207152785349936,0.47073187892456747,0.019029102797396027,156,187,155
4,0.03,800,0.6,0.6,3,1.0,0.6446445117030926,0.46059049448537337,0.4706438794448774,0.01960044263840655,157,156,156
3,0.1,200,0.8,0.6,3,1.0,0.6446831827093948,0.46238148312022337,0.4701240338409054,0.017683817162869788,158,191,161
8,0.03,200,0.8,1.0,5,1.0,0.6448105843793324,0.4605352967999887,0.47023915380299286,0.018641163555642843,159,152,160
3,0.1,200,0.8,0.6,1,1.0,0.6448949168093321,0.4613622629363642,0.4702609911480879,0.022263954984816578,160,174,159
3,0.01,400,0.8,1.0,5,1.0,0.6449145663403246,0.4639748279884205,0.47027360395504914,0.02204322302519777,161,217,158
4,0.05,400,0.8,0.8,5,1.0,0.644961756726762,0.4601165873873403,0.4697239276053099,0.017767972027939043,162,147,166
4,0.1,200,0.6,0.8,5,5.0,0.6450156429780612,0.46195906179458773,0.469672236906988,0.01758637431940195,163,183,167
8,0.01,400,1.0,0.6,5,5.0,0.6450193441396657,0.4592431192095908,0.4699662624514941,0.02202188675907803,164,123,164
4,0.03,800,1.0,0.8,1,5.0,0.6450231039172507,0.4618630116376797,0.470052175929745,0.020273070949070434,165,182,162
6,0.03,400,0.8,0.6,1,5.0,0.6450602897338718,0.4600208148731861,0.4697245939327985,0.019341565260051864,166,145,165
3,0.01,400,0.8,0.8,5,1.0,0.6450840994127166,0.4641134294449657,0.47001806532546164,0.02280037661224891,167,219,163
5,0.05,400,0.6,0.6,5,5.0,0.6453127509789093,0.4607863556819331,0.46924667831852973,0.016453874157875678,168,159,171
4,0.05,400,0.6,0.8,5,1.0,0.6453268300338078,0.4611472341623024,0.4693695394258775,0.019227729572981432,169,167,168
6,0.03,400,1.0,0.6,5,5.0,0.6453826531037958,0.4596109085994461,0.4692578091185132,0.01930754817208628,170,133,170
8,0.01,800,1.0,0.6,5,1.0,0.6454399634760356,0.4601884899588257,0.4691136755519306,0.019404547285194425,171,149,173
4,0.03,800,0.6,0.8,1,5.0,0.6455301304079037,0.46076332157835315,0.4689314923374373,0.01801368941529188,172,158,175
3,0.01,400,0.8,0.8,3,5.0,0.6456108222469247,0.4641827122276999,0.4691618944551227,0.023215813066656866,173,221,172
4,0.1,200,1.0,0.6,3,5.0,0.6456563978801313,0.4609445433593568,0.4692715983195884,0.02448725200486927,174,161,169
6,0.03,400,0.6,1.0,3,5.0,0.6456891796788546,0.4598339412991083,0.46876027498548006,0.019155713326522657,175,143,176
8,0.03,200,1.0,0.6,3,1.0,0.6457457981034633,0.4611091771921309,0.46856204789666356,0.019352659489215614,176,166,177
6,0.01,200,0.6,0.8,5,1.0,0.6457554406247203,0.46222559091952914,0.4690450653782635,0.02341824841363478,177,189,174
3,0.1,400,1.0,0.6,3,5.0,0.6458345028595633,0.46154004756162853,0.4684933426488965,0.02220710807171838,178,179,179
6,0.05,200,0.8,1.0,3,1.0,0.6458975512261445,0.4609484477098901,0.4685089491877621,0.018985119894480863,179,162,178
8,0.03,400,0.8,0.6,3,1.0,0.6460463219716279,0.46203578527555067,0.46826568354609643,0.01815034526034023,180,185,180
6,0.03,400,0.6,0.8,1,1.0,0.646208709593487,0.4617390368397247,0.46780754741725783,0.017237363570058124,181,181,181
5,0.05,400,0.8,0.6,5,1.0,0.6462710325264694,0.46124187850945547,0.467563938010355,0.016884946113792508,182,169,183
8,0.03,200,1.0,0.6,5,5.0,0.6464019958400623,0.46053622952120943,0.4677211545489003,0.021898219435979232,183,153,182
5,0.05,400,0.8,0.6,3,5.0,0.6465298767508629,0.4612851939449537,0.46756302147044143,0.020106582775029993,184,173,184
8,0.01,800,1.0,0.6,3,5.0,0.6465735437633147,0.4598182482740668,0.4674386083393112,0.02105511526351634,185,142,186
6,0.01,800,1.0,1.0,5,5.0,0.6466507834920773,0.4614768030645785,0.4674832838037948,0.0206562901278942,186,178,185
5,0.05,400,0.6,0.8,5,1.0,0.6466554525768998,0.4636170143995012,0.46729502052190225,0.020200431151476853,187,211,187
4,0.1,200,1.0,0.8,1,5.0,0.6466930733837261,0.46200375348137357,0.46689228937283805,0.016161778533168667,188,184,189
5,0.03,800,0.6,0.8,5,5.0,0.6467950769587641,0.4605373257058744,0.4669949952650386,0.018781464420114857,189,154,188
3,0.05,800,0.6,1.0,5,5.0,0.6471310855283023,0.46334940063206076,0.4665680330554064,0.021467884054690047,190,205,190
8,0.05,200,1.0,0.6,5,1.0,0.6471340390700986,0.463674693787163,0.46639304250693847,0.019715641610950244,191,212,191
5,0.03,800,0.6,0.8,3,5.0,0.6473684704015545,0.46080802604981075,0.4660236960591521,0.01941609699625702,192,160,192
6,0.01,400,1.0,1.0,1,1.0,0.6475234771374951,0.4621874553134016,0.465795895675006,0.01825102042779711,193,188,193
6,0.03,400,0.8,1.0,1,5.0,0.6476782694707754,0.45976307187935295,0.46560957559657634,0.02039427038167483,194,140,194
4,0.1,200,0.6,0.6,1,5.0,0.647781325824444,0.4638014931915138,0.4651226768917581,0.016125800624488484,195,214,196
6,0.01,800,1.0,1.0,3,1.0,0.647889524345587,0.46284508427382126,0.46533589974296097,0.019018175377440563,196,197,195
5,0.03,800,0.6,0.6,3,5.0,0.6479235464632941,0.46146310035688104,0.4650461967597521,0.018461248937076128,197,177,198
6,0.01,800,1.0,1.0,1,5.0,0.6480032024497121,0.4616763852790009,0.46507766743541384,0.01925680572704435,198,180,197
5,0.03,800,0.6,0.6,1,5.0,0.6480035598400009,0.4622762273438097,0.4649963392259105,0.018531521471858017,199,190,199
8,0.03,400,0.6,0.8,1,5.0,0.6482560623510588,0.46252307552223915,0.46438580956794545,0.018717476063979603,200,193,203
3,0.01,400,1.0,0.8,5,5.0,0.6482886099568115,0.4665145902900963,0.4648538084602386,0.023826415322774873,201,256,200
8,0.03,200,0.8,1.0,3,5.0,0.6483442131701252,0.4607048818213011,0.4646443276038335,0.02183775288817711,202,157,201
3,0.05,800,1.0,1.0,5,5.0,0.6483489529325626,0.4655477680960055,0.46448255391328647,0.02045310531636559,203,229,202
8,0.03,400,0.8,0.8,5,1.0,0.6484596458016555,0.46242515699296094,0.46417961236833377,0.019556354989728676,204,192,205
6,0.03,400,0.8,1.0,3,5.0,0.6484913457870956,0.46103955938571894,0.46429679238869,0.02039515158816204,205,164,204
6,0.03,800,0.8,0.6,3,1.0,0.6486355411744265,0.4629709793412865,0.4635436653831507,0.015743539650845646,206,200,211
8,0.05,200,0.8,0.8,5,5.0,0.6487482667183814,0.46254329396220867,0.46376126774411197,0.019705217032785965,207,194,209
3,0.05,800,1.0,1.0,5,1.0,0.6488064981611876,0.464972983228339,0.46396058531843964,0.021904726346751016,208,226,206
4,0.03,800,1.0,1.0,3,5.0,0.6488105798071883,0.4631877592917446,0.4635530833868847,0.0194538313022445,209,204,210
3,0.01,400,1.0,0.6,3,1.0,0.6488592297406509,0.4661779216689994,0.4639044262458535,0.023843495225820886,210,246,207
3,0.01,400,1.0,0.6,5,1.0,0.6489441157140338,0.4662982041161248,0.4637724124805582,0.023686917059230407,211,251,208
6,0.03,400,1.0,0.8,5,1.0,0.6490361238855528,0.4627991197323368,0.46310477460987887,0.016389217190961865,212,196,213
6,0.05,200,1.0,0.8,5,1.0,0.6490448002209506,0.46292172854715546,0.4630588751146492,0.015467645743485116,213,199,214
8,0.03,400,0.6,0.6,1,5.0,0.6491690520965181,0.46286749593833265,0.46322387302745477,0.020280067888817695,214,198,212
5,0.05,400,1.0,0.8,5,5.0,0.6492768849935338,0.46278500330377226,0.46278527106755113,0.018966699533392445,215,195,215
3,0.05,800,0.8,1.0,5,5.0,0.6495585153117055,0.4642021083195451,0.4623474564861885,0.01973408256824983,216,222,219
5,0.03,800,0.8,1.0,1,1.0,0.649573839331446,0.4633749958982447,0.46240762529668045,0.019341149063623612,217,206,217
4,0.1,200,0.8,0.8,3,1.0,0.6496184533260203,0.46570565447675055,0.4623171711701454,0.018105450082721512,218,233,220
8,0.05,200,0.6,0.6,1,1.0,0.6496363426287283,0.4638234947469016,0.46201553342341006,0.019862369320977992,219,215,222
6,0.01,200,0.8,0.8,3,1.0,0.6496585359267658,0.46451006936979355,0.46264015200635933,0.02331782075182953,220,224,216
6,0.05,400,1.0,0.6,5,1.0,0.6496997244697535,0.46573647603836293,0.46231470866472596,0.019972777416828864,221,234,221
6,0.05,400,0.6,0.6,3,5.0,0.6497014348857555,0.4634909862959075,0.46238573607286515,0.019452844781255963,222,209,218
5,0.03,800,1.0,0.8,1,1.0,0.6500647489685786,0.4659652953229821,0.4615644015755069,0.01757260790596291,223,240,224
3,0.1,400,0.8,0.6,3,5.0,0.650135979982938,0.46579052846658764,0.4612813508102442,0.020345342303614598,224,236,225
8,0.05,200,0.8,0.8,1,5.0,0.650177716133775,0.46311656280225355,0.4605927771343744,0.012650215562493477,225,202,227
5,0.01,200,0.6,0.8,1,1.0,0.6502072085368954,0.46606244112136286,0.4617135203439223,0.023405927369688592,226,241,223
8,0.03,400,0.6,0.8,1,1.0,0.6503070536145514,0.46375986948932457,0.4611024148758046,0.0203517372483368,227,213,226
3,0.1,400,1.0,1.0,5,1.0,0.6508173085483079,0.466474917069806,0.46030555968294395,0.018224291663608613,228,255,228
5,0.03,800,0.8,0.8,5,5.0,0.6509555474344517,0.46383624373250126,0.46016086811780427,0.021474288958888192,229,216,230
6,0.03,800,1.0,0.6,1,5.0,0.6510205481800011,0.46338809047086454,0.4599943145997643,0.019542766470517774,230,207,231
5,0.03,800,0.8,0.8,1,5.0,0.6510616650855446,0.4634026760257367,0.46016235693706464,0.022015706355200303,231,208,229
8,0.05,200,0.6,1.0,3,1.0,0.6510963337744137,0.46622824054197043,0.4599859836897432,0.01945762509811228,232,248,232
5,0.1,200,1.0,1.0,1,5.0,0.651177117246671,0.46567668888953645,0.4594630315398624,0.015627368656612607,233,232,234
8,0.01,800,1.0,0.8,1,5.0,0.6511925448422212,0.4635212545299618,0.45983135695890737,0.020718748413531766,234,210,233
6,0.03,800,1.0,0.6,5,5.0,0.6512850049131373,0.4640921096573064,0.45942420629805386,0.01767961091439897,235,218,235
6,0.05,400,0.8,0.8,5,1.0,0.6517869734163229,0.46433261128938125,0.458364732426843,0.018103749543599397,236,223,239
5,0.01,200,0.6,0.6,5,1.0,0.6517912024249861,0.4673971990000171,0.4590914923371631,0.024789443754966185,237,268,236
4,0.1,200,0.6,0.6,1,1.0,0.6518471446309471,0.46692354272951314,0.4587897453955546,0.019822091969756744,238,261,237
4,0.05,800,0.8,0.6,1,5.0,0.651867379966069,0.465276199142101,0.4581841808481051,0.017336728783184346,239,227,241
6,0.05,400,0.6,0.8,1,1.0,0.6520436267171,0.46610966342443544,0.45843422627361685,0.020380283337413565,240,244,238
8,0.05,400,0.6,0.8,5,1.0,0.6520725364596661,0.46739065230048177,0.45834685980808965,0.020769484581474745,241,266,240
5,0.05,800,0.8,0.6,3,1.0,0.6521576137065057,0.46578795263637207,0.45796699691301157,0.018583874415699288,242,235,243
4,0.05,800,1.0,0.6,1,5.0,0.652194606351396,0.46623200039162827,0.457977551504028,0.01828869569932704,243,249,242
5,0.05,800,1.0,0.6,3,1.0,0.652509920296801,0.4681323755770128,0.45736006812000696,0.01765947480019125,244,283,244
8,0.05,400,0.6,0.8,3,1.0,0.6527614017964438,0.4674082295373343,0.4568412280140001,0.01628226402147932,245,269,246
8,0.03,800,0.8,0.6,5,5.0,0.652889352203848,0.4658479184242731,0.45665890682809335,0.017511521423937703,246,237,248
6,0.1,200,1.0,0.6,5,1.0,0.6531060903322159,0.4681247271069494,0.45683595441322983,0.02066183660307909,247,282,247
6,0.01,200,0.8,0.8,3,5.0,0.6531155823570195,0.4656743383198796,0.4570121422976783,0.02478977501528076,248,231,245
4,0.1,400,0.8,0.6,1,1.0,0.6531232648954358,0.4674110734106688,0.456224948003136,0.019218695224442136,249,270,251
8,0.03,400,0.8,1.0,3,1.0,0.6531311961914881,0.46608507401425275,0.4564560979626629,0.019034993613272225,250,242,249
8,0.1,200,0.8,0.6,3,5.0,0.6533449281703515,0.46788325495949745,0.4560978964928763,0.020832969050035347,251,279,252
5,0.05,800,0.8,0.6,5,5.0,0.6535970552861382,0.46678185851385195,0.4557896611421876,0.021497004680882576,252,260,254
8,0.01,200,0.8,0.8,5,5.0,0.6536268579338133,0.465899352546374,0.4562261623655129,0.025091249463499138,253,238,250
3,0.1,400,0.6,1.0,3,1.0,0.6536502507753944,0.46656381266621916,0.45566171553518664,0.023403934251239957,254,258,257
6,0.01,200,1.0,0.8,1,1.0,0.6537157133733136,0.4660983929673256,0.45586230124799226,0.02310065580908847,255,243,253
5,0.1,200,1.0,0.8,3,1.0,0.6537539265476349,0.46722505283652216,0.4552963749139652,0.01658750063823899,256,264,260
8,0.05,400,1.0,0.6,3,5.0,0.6537683335286099,0.465963643989174,0.4551044367290441,0.018114954048514986,257,239,262
3,0.1,400,0.8,1.0,5,1.0,0.6537694976214865,0.4656544661772714,0.455227946608782,0.0186066772924442,258,230,261
6,0.05,400,0.6,1.0,1,5.0,0.6537894980681467,0.46411910200153617,0.4557117415458844,0.02157090884188429,259,220,256
8,0.01,200,1.0,0.6,5,1.0,0.6538151736106219,0.4662173320124799,0.4557433898245863,0.025554439912923974,260,247,255
6,0.03,800,0.8,1.0,5,5.0,0.6538254428923352,0.46487461402064323,0.45551781226299903,0.021869627190011672,261,225,259
5,0.01,200,0.8,0.8,1,5.0,0.6539404126431643,0.46739379903125655,0.455612335853655,0.02439334252838172,262,267,258
8,0.05,400,1.0,0.6,5,5.0,0.6542097366723684,0.46642547163905324,0.4547069439512833,0.02101745014831402,263,253,265
5,0.05,800,1.0,0.6,1,5.0,0.6542639917683182,0.46646259277054974,0.45441834938829756,0.019523099182385435,264,254,267
6,0.03,800,0.6,1.0,3,1.0,0.6543020291130436,0.46660738944142943,0.4541298901937633,0.016775319712884026,265,259,269
8,0.01,200,0.6,0.8,3,5.0,0.6543650572859598,0.4663324502245209,0.4550103288907038,0.025820916428505453,266,252,264
8,0.01,200,0.8,1.0,5,5.0,0.6543833815890763,0.46625245027040113,0.4550377320016176,0.024810630634678095,267,250,263
5,0.01,200,0.8,0.8,3,5.0,0.6545520350608074,0.4677969641477097,0.4545907614836192,0.024506403367865883,268,277,266
5,0.1,400,1.0,0.6,5,1.0,0.654565588320474,0.4694348651020441,0.45410243136045236,0.018738089954647003,269,300,270
4,0.05,800,0.8,0.8,5,5.0,0.6546857554020752,0.4665441124651137,0.4537225704954694,0.01818880347098459,270,257,271
5,0.01,200,1.0,1.0,3,1.0,0.6548420562384528,0.46972357373199075,0.4541773139584375,0.02465252904611597,271,306,268
8,0.03,800,0.6,0.6,1,5.0,0.654971398653671,0.46768056945843683,0.4535009479561182,0.019513401508217534,272,274,272
5,0.1,200,1.0,1.0,1,1.0,0.6551836323953704,0.469138445709799,0.4528586834264331,0.015607003964789003,273,295,278
8,0.05,200,0.8,1.0,1,5.0,0.6551858388969833,0.46548410419987374,0.45345603469615037,0.021631387176002173,274,228,273
5,0.1,200,0.8,1.0,1,1.0,0.6552147144513423,0.46927153998492804,0.45307356931703835,0.01954229499195684,275,299,275
6,0.01,200,0.8,0.6,3,5.0,0.6552208507155737,0.46742703530027585,0.4534439464889292,0.024277244165270932,276,271,274
8,0.01,800,1.0,1.0,5,1.0,0.6552977308486743,0.46702791396713306,0.45286666816305454,0.021991668104227834,277,263,277
8,0.05,400,0.8,0.8,3,1.0,0.6553406168485627,0.4691915150388345,0.4526009492898068,0.016875429231151803,278,296,280
6,0.05,400,0.6,0.8,1,5.0,0.6554274651654628,0.4661207953827703,0.4525875654173962,0.01924791637858483,279,245,281
8,0.01,200,0.8,0.6,5,5.0,0.6555335942998354,0.46771917558394566,0.4530088682197043,0.024715149436454472,280,275,276
6,0.05,400,0.8,1.0,5,1.0,0.655726203728007,0.46737835503071823,0.452173815920707,0.018218428639159876,281,265,286
6,0.01,200,1.0,0.8,5,5.0,0.6557337988902556,0.4676450925789314,0.45284866183575306,0.027420147051320336,282,273,279
6,0.05,400,0.8,1.0,3,5.0,0.6557979410681014,0.46762078068369145,0.45242610984395465,0.0216451238936676,283,272,283
4,0.01,200,0.8,1.0,5,1.0,0.6558181001799696,0.47181101180988605,0.45256124249390534,0.02547101920321259,284,322,282
6,0.1,200,0.6,0.6,3,1.0,0.6558308875377671,0.470423740780999,0.45208605713520617,0.019016435519111162,285,311,287
5,0.05,800,0.8,0.8,1,1.0,0.6558515496989157,0.46883590015508875,0.4523036052535506,0.021794753909379943,286,290,284
4,0.05,800,0.6,1.0,1,5.0,0.6558807225441923,0.46873640438579967,0.4518106351559651,0.019050819432506326,287,288,289
8,0.05,800,0.8,0.6,3,5.0,0.6559892973882826,0.46870328484776563,0.4521949796510708,0.02310503950936731,288,287,285
8,0.01,200,1.0,0.6,1,1.0,0.6560935126783287,0.4670014142032244,0.45192561652104224,0.02552539521771735,289,262,288
8,0.05,400,0.6,0.6,1,5.0,0.6561117487824764,0.46968164304695703,0.45136207083320345,0.017057534257906033,290,304,291
5,0.1,200,0.8,0.8,3,5.0,0.6563327328171624,0.46902733403340535,0.45106549275518965,0.01981634270222637,291,292,292
6,0.01,200,0.6,0.6,3,5.0,0.6564285703486525,0.4683924021308363,0.45143096821732165,0.025753066662644132,292,284,290
8,0.1,400,0.8,0.6,1,5.0,0.6564571007011729,0.4718501737159001,0.4506935965726614,0.016606275529054235,293,324,295
8,0.1,200,1.0,0.6,5,1.0,0.6566822573726568,0.46946213498161515,0.450492820486671,0.01871512385868138,294,301,297
6,0.01,200,1.0,0.6,5,5.0,0.6567428034986865,0.46842900736490467,0.45097498043520867,0.026033480928134258,295,285,293
5,0.05,800,1.0,0.8,1,5.0,0.6567974897138817,0.46773304042940583,0.45023912268590893,0.018540624135110498,296,276,299
8,0.1,800,0.8,0.6,1,5.0,0.6568667962343638,0.472355976054477,0.4499980970151184,0.01653208647720815,297,329,301
8,0.01,200,1.0,0.8,1,1.0,0.6569008506779527,0.4680814397947034,0.4505430855601322,0.024147795912441757,298,281,296
5,0.01,200,1.0,0.8,3,5.0,0.6569187914787482,0.4695234998259298,0.45073653885847015,0.02573592609160972,299,302,294
5,0.01,200,1.0,1.0,5,5.0,0.6571653073449883,0.4708473215587972,0.45043775760953253,0.02576077350125371,300,314,298
5,0.01,200,1.0,0.6,5,5.0,0.6572405096929199,0.46969572768376266,0.45017894124314595,0.026055300537864628,301,305,300
5,0.1,400,1.0,0.6,3,1.0,0.6573553127167961,0.4707750887230537,0.44962530301921877,0.021338004714320385,302,313,302
6,0.1,200,1.0,0.8,5,5.0,0.657370903806286,0.4696797044651396,0.44939327537342183,0.02006790031924359,303,303,303
8,0.05,400,1.0,0.8,1,1.0,0.6574680148058338,0.4678296231788095,0.4491763520419518,0.0199868514535762,304,278,305
8,0.05,200,1.0,1.0,5,1.0,0.6574945590015714,0.4692698277375412,0.4492057783272947,0.023017742341780174,305,298,304
8,0.05,800,0.8,0.8,1,1.0,0.6575084010944561,0.4688911128403538,0.4489294536134311,0.01804678363334144,306,291,307
4,0.1,400,0.8,0.6,3,1.0,0.6575626628801308,0.4680075374206911,0.44904128045138714,0.02050453287151969,307,280,306
5,0.1,200,0.8,0.8,1,1.0,0.657854893923273,0.4700813804203957,0.44854187929902967,0.019049091812717626,308,308,308
8,0.1,400,1.0,0.6,1,1.0,0.6580209673219098,0.4705490549838715,0.448217353094709,0.021384971488522767,309,312,310
8,0.05,400,1.0,0.8,5,5.0,0.6581059225330496,0.46907758689442697,0.4483473970495952,0.020438128082514218,310,293,309
8,0.05,800,0.8,1.0,3,5.0,0.6584820689620393,0.4690941162313559,0.4475177468901993,0.01872443838352619,311,294,315
8,0.01,200,1.0,0.6,5,5.0,0.6585340517100299,0.46850579995554,0.4479984717539085,0.026601264907040303,312,286,311
4,0.01,200,0.6,0.8,5,5.0,0.6585533567540114,0.47218741405782116,0.447913722784138,0.025712308375230437,313,328,312
6,0.1,200,0.8,0.8,5,5.0,0.6585708855352559,0.47024749306689867,0.447303587911357,0.018492942543084406,314,309,316
8,0.05,800,0.8,0.6,1,5.0,0.6585779482684417,0.4714494053515951,0.4475295718255391,0.020723238700807774,315,317,314
6,0.01,200,1.0,1.0,3,5.0,0.658823481285674,0.47038558520240936,0.44762921832011016,0.02570600680533568,316,310,313
5,0.05,800,0.6,1.0,1,1.0,0.6589085488147458,0.47129849526333356,0.4465528536746567,0.01951777007712515,317,315,318
8,0.1,200,0.8,0.6,1,1.0,0.6590045522732202,0.4728927862539905,0.4461894329019064,0.019105018507966462,318,333,321
8,0.05,800,0.6,1.0,3,1.0,0.659123115364416,0.47256599664680987,0.4465502030462846,0.01949688877048174,319,330,319
5,0.1,400,1.0,0.6,5,5.0,0.6592663087159811,0.47184261762606905,0.4462230771341497,0.019172546966147,320,323,320
8,0.05,800,0.6,1.0,1,1.0,0.6593484903560602,0.4720231474213625,0.4459280587240705,0.01673775649423679,321,326,323
8,0.01,200,1.0,0.6,3,5.0,0.6593663535226034,0.4688257214195287,0.4466535306144486,0.027488688977649212,322,289,317
8,0.05,800,0.6,0.6,3,5.0,0.6594010974007384,0.47303625255456777,0.44610180576065994,0.020134093034556173,323,334,322
5,0.1,400,1.0,0.8,5,5.0,0.6594401039560793,0.46926413277281487,0.4456553715504624,0.01858759548546603,324,297,324
3,0.1,800,1.0,1.0,3,1.0,0.6596245209969867,0.47272158324803665,0.44545658928125825,0.017839181394655852,325,332,326
4,0.1,400,0.8,0.8,1,5.0,0.6596515584465793,0.4713149047068864,0.44565324843945664,0.020499474996316602,326,316,325
6,0.05,800,0.8,1.0,1,1.0,0.6598668992545381,0.4726496373598225,0.4452078019986782,0.01766578674345446,327,331,327
8,0.05,800,0.8,1.0,3,1.0,0.6600952692731854,0.4720085919713924,0.445123311200234,0.022000119651123886,328,325,328
8,0.1,800,0.8,0.6,3,1.0,0.660166500568385,0.4732603796125255,0.44460634645955377,0.017741228658850437,329,336,329
8,0.01,800,1.0,1.0,3,1.0,0.6602435845143227,0.4698021045055837,0.4445512311986202,0.0196948893850411,330,307,330
8,0.1,400,1.0,0.6,3,1.0,0.660338494407513,0.4721802137662402,0.4444144790949448,0.0224170488038649,331,327,331
6,0.1,200,0.8,0.8,5,1.0,0.6603659976133065,0.4715306872840942,0.44411363444671326,0.018882061854179566,332,319,332
5,0.1,200,0.8,1.0,3,1.0,0.6604990487144639,0.47169196734378344,0.4437401515690116,0.018690906039083972,333,320,333
6,0.1,200,0.8,1.0,1,5.0,0.6608636864516788,0.4717712682932217,0.44359560531921716,0.019937486317732064,334,321,334
5,0.05,800,0.6,1.0,3,5.0,0.6609323245090064,0.47152201736535737,0.4435143178547792,0.02016801146269537,335,318,335
5,0.05,800,0.6,1.0,1,5.0,0.6614355349912946,0.4734804182894072,0.4425951199704695,0.019582292582292785,336,337,336
3,0.1,800,1.0,1.0,1,5.0,0.6618402140663248,0.47433940731983765,0.44215161490121985,0.02199078473932367,337,341,338
4,0.01,200,0.6,0.6,5,5.0,0.6618683230943618,0.47451201937032506,0.4423461342086461,0.02672117466551594,338,343,337
8,0.1,200,0.8,1.0,5,1.0,0.6619085576328418,0.47324254987042674,0.4418699189716501,0.02084581527148615,339,335,339
8,0.05,800,0.6,1.0,5,1.0,0.6620448947409763,0.47543863831247357,0.4412150063838419,0.019206195513889746,340,350,341
5,0.1,400,0.6,0.6,3,5.0,0.6622040151265164,0.47552789463041123,0.44152947439177426,0.019485704467829375,341,354,340
8,0.1,800,0.8,0.6,5,1.0,0.6624037216861673,0.4770665841502272,0.44101621618955295,0.019664775194837367,342,362,342
3,0.1,800,0.8,0.8,3,5.0,0.6625238232731314,0.4749621596795974,0.4404844058592515,0.019174293273571646,343,346,343
3,0.1,800,0.8,0.6,3,5.0,0.6627495439715929,0.47450877804816427,0.4400736112573004,0.020051355130429126,344,342,345
3,0.1,800,0.6,0.8,1,1.0,0.6628553877374851,0.4761458823319896,0.4399429100706394,0.019364488039580005,345,357,346
4,0.01,200,0.8,0.6,3,5.0,0.6630255998024221,0.4750755511129906,0.44039277057790727,0.02599583407060612,346,347,344
8,0.1,400,0.8,0.8,1,1.0,0.6630984630245791,0.4754559492260658,0.43963527252341006,0.020580128724321838,347,351,347
8,0.1,400,0.8,1.0,5,1.0,0.6636474213737547,0.4752181250239662,0.43893258364241505,0.020754041145363295,348,348,348
6,0.1,400,1.0,1.0,1,1.0,0.6637866427597127,0.47670547871571706,0.43878346430363235,0.019579848047652802,349,360,349
3,0.1,800,1.0,0.8,5,1.0,0.6637981550743225,0.47523092088905594,0.43875880107409415,0.020841016739629393,350,349,350
8,0.03,400,1.0,1.0,1,1.0,0.6639114814792377,0.4735422078327899,0.438160222807198,0.01818250953369968,351,338,351
5,0.1,400,0.6,0.8,5,5.0,0.6643630367216444,0.4741639262629639,0.43786391004370245,0.020659057681749412,352,339,352
8,0.1,200,0.6,0.6,3,1.0,0.6646096788200511,0.47835973171599894,0.4374861956848859,0.025004036896703077,353,371,354
8,0.01,200,1.0,1.0,5,5.0,0.6646108336243197,0.4742351047542156,0.4376688760828526,0.025954820095077127,354,340,353
3,0.1,800,0.8,1.0,3,5.0,0.6647239432278896,0.47467976650289384,0.43693575794467965,0.01934737067784236,355,345,355
4,0.1,800,1.0,0.6,1,5.0,0.6648059917673026,0.47575760016668445,0.43685640057783826,0.019481676524751496,356,355,356
5,0.1,400,0.8,1.0,1,5.0,0.6648345751596243,0.47550086642048006,0.4366133489873495,0.017581577604096628,357,353,357
5,0.1,400,0.6,0.6,1,5.0,0.6651398050369973,0.47465425566224806,0.4364716041750757,0.02127803698666248,358,344,358
3,0.1,800,0.6,1.0,3,1.0,0.6651795595747058,0.4758195916100229,0.4362895991750326,0.02351251838235734,359,356,359
4,0.1,800,1.0,1.0,1,1.0,0.6652791407551895,0.4794518949667358,0.43622912569640954,0.02217022669113506,360,378,360
5,0.1,800,1.0,0.8,1,5.0,0.6655632786353017,0.4781258541285429,0.4350831685892249,0.014630944527142075,361,370,367
6,0.1,800,0.8,0.6,3,1.0,0.6656198943656593,0.47758868329343446,0.43525689534114653,0.016689974690754762,362,365,364
8,0.05,400,1.0,1.0,3,1.0,0.6656723977456158,0.47549416163667857,0.4355350784207038,0.020926422371807134,363,352,362
3,0.1,800,0.6,1.0,5,1.0,0.665678214382274,0.4764192062599165,0.4355322273474158,0.023136775057503056,364,358,363
5,0.1,800,1.0,0.6,1,1.0,0.6656867752712856,0.47752284321723887,0.435544618614938,0.019801566643743954,365,364,361
5,0.1,400,0.8,1.0,1,1.0,0.6658065902959728,0.47869664634114384,0.43520815551085984,0.019135835856504503,366,372,365
6,0.1,800,0.8,0.6,3,5.0,0.6658890000686538,0.4771037064647575,0.43509063278902965,0.018786554295585327,367,363,366
8,0.1,800,0.8,1.0,3,5.0,0.6659696399704387,0.4777177628777993,0.43492236979019266,0.019538959435353234,368,366,368
4,0.1,800,1.0,1.0,5,1.0,0.666110525409219,0.4799559346221958,0.4341544344721318,0.017202335373377394,369,383,372
6,0.1,800,1.0,0.6,5,1.0,0.6661947831001379,0.47901560644667035,0.43469279421894635,0.019574165257142683,370,373,369
6,0.1,400,1.0,1.0,3,1.0,0.666284516537913,0.4790623153399638,0.4341947027770308,0.018162045294418342,371,374,371
8,0.1,400,1.0,0.8,5,5.0,0.6663501194659122,0.4769044997790255,0.4337513638897483,0.016752093181100124,372,361,373
3,0.1,800,0.6,1.0,5,5.0,0.6663914704511575,0.4764545184065775,0.43431388264159854,0.022419188102954565,373,359,370
5,0.1,400,0.8,0.8,1,1.0,0.6670277547710022,0.4778398676476356,0.4329709132671374,0.0180033554165804,374,368,374
5,0.1,400,0.6,1.0,1,5.0,0.6672046274986024,0.4777414783168445,0.4327715538574915,0.01788067008965767,375,367,375
8,0.1,400,0.6,0.6,3,5.0,0.6673543291331454,0.4796413503256326,0.4326073672440815,0.01957862353116819,376,379,376
6,0.1,400,0.6,0.6,5,5.0,0.6675617352403006,0.4794256824517419,0.4324575460444312,0.022689489387209258,377,377,377
8,0.1,800,0.6,0.8,1,5.0,0.6675736023661365,0.4792714298650095,0.43241103157382454,0.020798057676395875,378,375,378
3,0.01,200,0.6,0.8,5,1.0,0.6679814336990411,0.47993368399796343,0.4320780692457983,0.02764289267408192,379,382,379
5,0.1,400,0.6,0.6,3,1.0,0.6682805683233711,0.4793699646860291,0.4310982168612765,0.018810059902360853,380,376,380
6,0.1,400,0.6,0.6,3,5.0,0.6692466973500872,0.4796586675179621,0.4293789167637371,0.02053049430872876,381,380,381
3,0.01,200,0.6,1.0,1,5.0,0.6696544235831106,0.4811082246871143,0.4292959845123024,0.027944739799850342,382,385,382
6,0.1,400,0.6,0.8,5,5.0,0.6698638963257492,0.4815488133777447,0.42803793203313056,0.019361961136559892,383,388,384
6,0.1,400,0.6,0.6,1,1.0,0.670112828332133,0.4778934690618783,0.42810801497031736,0.02280350050815376,384,369,383
4,0.1,800,0.8,0.8,1,5.0,0.670309094905298,0.47992662202458786,0.4274140493075569,0.019014532831568006,385,381,386
6,0.1,800,1.0,0.8,5,1.0,0.6704688567220466,0.4821836548430796,0.42717574813228615,0.01722073013596983,386,391,387
3,0.01,200,0.8,0.8,5,1.0,0.6706061093495228,0.48205277244454675,0.4276394761048253,0.02756782240507372,387,389,385
5,0.1,800,1.0,1.0,3,1.0,0.6707783888293694,0.48276786568321395,0.42674810661311013,0.01848519781923258,388,394,389
8,0.1,800,0.6,0.8,1,1.0,0.6708983284257899,0.48130920343387434,0.42685513590986457,0.023768881068675002,389,387,388
3,0.01,200,0.8,0.8,1,5.0,0.6715211204431955,0.48211972890456156,0.42612776291032634,0.028658680915375347,390,390,390
3,0.01,200,0.6,0.6,1,1.0,0.6716069584082286,0.48246926755315256,0.4258458872270177,0.02766248691682859,391,393,391
6,0.1,800,0.8,1.0,1,5.0,0.6718985321993705,0.48116371662546753,0.42481328031583576,0.019196964728443212,392,386,392
8,0.1,400,0.8,1.0,5,5.0,0.6721221824819734,0.4807579436785291,0.4242533730891317,0.01832080290890748,393,384,393
4,0.1,800,0.8,0.8,3,5.0,0.6728090820237259,0.4823724510244201,0.4229197272933261,0.01786735209394144,394,392,394
4,0.1,800,0.6,0.8,1,1.0,0.6740014800124248,0.48434835904030404,0.42154864915093765,0.023749753675098902,395,396,395
5,0.1,800,0.6,0.8,5,1.0,0.6742990351141834,0.4850145061317944,0.4200509067630961,0.020649712399566176,396,397,397
4,0.1,800,0.6,0.6,5,1.0,0.6745108839964274,0.48530114728546775,0.4202785402993759,0.018919277084039385,397,398,396
5,0.1,800,0.6,1.0,5,1.0,0.6754363743827732,0.48588757436926056,0.4188606219930023,0.023310767843735758,398,399,398
4,0.1,800,0.6,1.0,1,1.0,0.6762165695551772,0.48363099869339055,0.41720008819157506,0.019293663386868165,399,395,399
5,0.1,800,0.6,0.6,5,5.0,0.677874056333662,0.486211397690025,0.4152185787532862,0.024915024117290508,400,400,400
