Year,Season,Player,Tm,Pos,G,actual_cWPA,predicted_cWPA,cWPA_Difference,abs_Difference
2021,2021-2022,DeMar DeRozan,CHI,PF,76.0,5.84,2.3828723,-3.4571276569366454,3.4571276569366454
2021,2021-2022,Spencer Dinwiddie,2TM,PG,67.0,2.56,0.44997177,-2.11002823472023,2.11002823472023
2021,2021-2022,Kyle Kuzma,WAS,PF,66.0,2.31,0.29443777,-2.0155622339248658,2.0155622339248658
2021,2021-2022,Scottie Barnes,TOR,PF,74.0,1.71,0.103173226,-1.6068267738819122,1.6068267738819122
2021,2021-2022,Luke Kennard,LAC,SG,70.0,2.71,1.1263748,-1.5836251592636108,1.5836251592636108
2021,2021-2022,Gary Trent Jr.,TOR,SG,70.0,2.71,1.3677582,-1.3422418451309204,1.3422418451309204
2021,2021-2022,Devonte' Graham,NOP,PG,76.0,1.71,0.38487354,-1.3251264607906341,1.3251264607906341
2021,2021-2022,Ivica Zubac,LAC,C,76.0,1.85,0.6031628,-1.2468371748924256,1.2468371748924256
2021,2021-2022,Saddiq Bey,DET,SF,82.0,2.06,0.84140193,-1.2185980653762818,1.2185980653762818
2021,2021-2022,P.J. Washington,CHO,C,65.0,1.7,0.5357166,-1.1642834067344665,1.1642834067344665
2021,2021-2022,Mike Conley,UTA,PG,72.0,1.89,0.7791632,-1.110836818218231,1.110836818218231
2021,2021-2022,Malik Monk,LAL,SG,76.0,2.05,0.9598921,-1.0901079058647154,1.0901079058647154
2021,2021-2022,Chris Paul,PHO,PG,65.0,1.8,0.7720374,-1.027962613105774,1.027962613105774
2021,2021-2022,Cameron Johnson,PHO,PF,66.0,2.27,1.2494425,-1.020557541847229,1.020557541847229
2021,2021-2022,Jrue Holiday,MIL,PG,67.0,1.76,0.8086881,-0.9513118958473206,0.9513118958473206
2021,2021-2022,Kyle Lowry,MIA,PG,63.0,1.43,0.5075808,-0.9224191832542419,0.9224191832542419
2021,2021-2022,D'Angelo Russell,MIN,PG,65.0,1.67,0.8089019,-0.8610980939865112,0.8610980939865112
2021,2021-2022,Patty Mills,BRK,SG,81.0,1.96,1.1014687,-0.8585313177108764,0.8585313177108764
2021,2021-2022,Andre Drummond,2TM,C,73.0,0.72,-0.029831761,-0.7498317614942789,0.7498317614942789
2021,2021-2022,Herbert Jones,NOP,PF,78.0,0.78,0.084846236,-0.6951537641882897,0.6951537641882897
2021,2021-2022,Garrison Mathews,HOU,SG,65.0,1.51,0.82906777,-0.6809322333335877,0.6809322333335877
2021,2021-2022,Landry Shamet,PHO,SG,69.0,1.38,0.71875465,-0.6612453508377074,0.6612453508377074
2021,2021-2022,Stephen Curry,GSW,PG,64.0,2.57,1.917781,-0.6522190046310423,0.6522190046310423
2021,2021-2022,Jordan Clarkson,UTA,SG,79.0,1.42,0.7822308,-0.6377692055702209,0.6377692055702209
2021,2021-2022,Reggie Jackson,LAC,SG,75.0,0.72,0.09707906,-0.6229209390282631,0.6229209390282631
2021,2021-2022,Aaron Gordon,DEN,PF,75.0,1.18,0.56036633,-0.6196336674690246,0.6196336674690246
2021,2021-2022,Karl-Anthony Towns,MIN,C,74.0,2.13,1.5184726,-0.6115274477005004,0.6115274477005004
2021,2021-2022,Terance Mann,LAC,SF,81.0,1.18,0.6128101,-0.5671899247169494,0.5671899247169494
2021,2021-2022,Dorian Finney-Smith,DAL,PF,80.0,1.37,0.8136029,-0.5563970756530763,0.5563970756530763
2021,2021-2022,Jaren Jackson Jr.,MEM,PF,78.0,0.94,0.39387026,-0.5461297357082366,0.5461297357082366
2021,2021-2022,Tyler Herro,MIA,SG,66.0,1.58,1.0546106,-0.5253893899917603,0.5253893899917603
2021,2021-2022,Cody Martin,CHO,SF,71.0,0.87,0.36061186,-0.5093881440162659,0.5093881440162659
2021,2021-2022,Davion Mitchell,SAC,PG,75.0,0.3,-0.20248389,-0.5024838924407959,0.5024838924407959
2021,2021-2022,Alperen Sengun,HOU,C,72.0,0.27,-0.20429127,-0.4742912691831589,0.4742912691831589
2021,2021-2022,Georges Niang,PHI,PF,76.0,1.37,0.9053261,-0.46467387199401866,0.46467387199401866
2021,2021-2022,Max Strus,MIA,SF,68.0,1.41,0.9501361,-0.4598638749122619,0.4598638749122619
2021,2021-2022,Malik Beasley,MIN,SG,79.0,1.41,0.95380265,-0.4561973547935485,0.4561973547935485
2021,2021-2022,Jaylen Nowell,MIN,SG,62.0,1.2,0.7474866,-0.4525134086608886,0.4525134086608886
2021,2021-2022,Jonas Valanciunas,NOP,C,74.0,1.33,0.8828687,-0.4471312928199769,0.4471312928199769
2021,2021-2022,Mikal Bridges,PHO,SF,82.0,1.72,1.2740104,-0.4459895801544189,0.4459895801544189
2021,2021-2022,Khris Middleton,MIL,SF,66.0,1.25,0.8124326,-0.43756741285324097,0.43756741285324097
2021,2021-2022,Bones Hyland,DEN,SG,69.0,0.98,0.5504214,-0.429578583240509,0.429578583240509
2021,2021-2022,Evan Mobley,CLE,PF,69.0,0.48,0.057791363,-0.4222086365520954,0.4222086365520954
2021,2021-2022,Al Horford,BOS,C,69.0,1.07,0.6597002,-0.4102997851371766,0.4102997851371766
2021,2021-2022,Nickeil Alexander-Walker,2TM,SG,65.0,0.24,-0.16850263,-0.40850262880325316,0.40850262880325316
2021,2021-2022,Lonnie Walker IV,SAS,SG,70.0,0.87,0.47040355,-0.3995964479446411,0.3995964479446411
2021,2021-2022,Chris Boucher,TOR,SF,80.0,1.23,0.8340885,-0.3959114956855774,0.3959114956855774
2021,2021-2022,Kelly Oubre Jr.,CHO,SF,76.0,1.43,1.0349401,-0.3950598764419555,0.3950598764419555
2021,2021-2022,Josh Richardson,2TM,SG,65.0,0.96,0.56690365,-0.39309634923934933,0.39309634923934933
2021,2021-2022,Terrence Ross,ORL,SG,63.0,0.76,0.36721563,-0.392784366607666,0.392784366607666
2021,2021-2022,Naz Reid,MIN,C,77.0,0.94,0.5494898,-0.39051020383834834,0.39051020383834834
2021,2021-2022,Avery Bradley,LAL,SG,62.0,0.82,0.4413666,-0.3786333870887756,0.3786333870887756
2021,2021-2022,Jae Crowder,PHO,PF,67.0,0.92,0.55789953,-0.362100465297699,0.362100465297699
2021,2021-2022,Furkan Korkmaz,PHI,SG,67.0,0.63,0.2724524,-0.3575475859642029,0.3575475859642029
2021,2021-2022,Isaac Okoro,CLE,SF,67.0,0.87,0.5138739,-0.3561261248588562,0.3561261248588562
2021,2021-2022,Nemanja Bjelica,GSW,C,71.0,0.47,0.114043474,-0.3559565258026123,0.3559565258026123
2021,2021-2022,Taurean Prince,MIN,PF,69.0,0.83,0.48204404,-0.34795595884323116,0.34795595884323116
2021,2021-2022,Josh Christopher,HOU,SG,74.0,0.22,-0.117443904,-0.3374439042806625,0.3374439042806625
2021,2021-2022,P.J. Tucker,MIA,PF,71.0,0.65,0.3181922,-0.3318077862262726,0.3318077862262726
2021,2021-2022,Austin Rivers,DEN,SG,67.0,0.56,0.24126403,-0.3187359696626664,0.3187359696626664
2021,2021-2022,Domantas Sabonis,2TM,PF,62.0,0.92,0.6119544,-0.308045608997345,0.308045608997345
2021,2021-2022,JaVale McGee,PHO,C,74.0,1.02,0.712196,-0.3078040075302124,0.3078040075302124
2021,2021-2022,Steven Adams,MEM,C,76.0,0.09,-0.21744777,-0.30744777262210843,0.30744777262210843
2021,2021-2022,Luka Doncic,DAL,PG,65.0,1.63,1.338496,-0.291504030227661,0.291504030227661
2021,2021-2022,Immanuel Quickley,NYK,PG,78.0,0.98,0.6923455,-0.2876545000076294,0.2876545000076294
2021,2021-2022,Reggie Bullock,DAL,SF,68.0,0.99,0.7122978,-0.277702202796936,0.277702202796936
2021,2021-2022,Chuma Okeke,ORL,PF,70.0,0.68,0.40294617,-0.2770538258552552,0.2770538258552552
2021,2021-2022,Mitchell Robinson,NYK,C,72.0,0.87,0.6091893,-0.2608107280731201,0.2608107280731201
2021,2021-2022,Matisse Thybulle,PHI,SG,66.0,0.66,0.40247047,-0.25752953052520755,0.25752953052520755
2021,2021-2022,Pascal Siakam,TOR,PF,68.0,0.41,0.15965621,-0.2503437882661819,0.2503437882661819
2021,2021-2022,James Johnson,BRK,PF,62.0,0.29,0.06014654,-0.2298534595966339,0.2298534595966339
2021,2021-2022,Gary Payton II,GSW,SG,71.0,0.9,0.676421,-0.22357901334762575,0.22357901334762575
2021,2021-2022,Gabe Vincent,MIA,PG,68.0,0.44,0.22052221,-0.2194777899980545,0.2194777899980545
2021,2021-2022,Damion Lee,GSW,SG,63.0,0.81,0.5953004,-0.21469962358474737,0.21469962358474737
2021,2021-2022,Montrezl Harrell,2TM,C,71.0,1.73,1.5157416,-0.21425841331481932,0.21425841331481932
2021,2021-2022,Dewayne Dedmon,MIA,C,67.0,0.52,0.30733496,-0.2126650404930115,0.2126650404930115
2021,2021-2022,Marcus Smart,BOS,PG,71.0,0.14,-0.06539368,-0.20539367884397508,0.20539367884397508
2021,2021-2022,Buddy Hield,2TM,SG,81.0,1.23,1.0296525,-0.20034752368927,0.20034752368927
2021,2021-2022,Rudy Gobert,UTA,C,66.0,1.44,1.2663472,-0.17365283012390131,0.17365283012390131
2021,2021-2022,Cedi Osman,CLE,SF,66.0,0.81,0.6402953,-0.16970467329025274,0.16970467329025274
2021,2021-2022,Brandon Clarke,MEM,PF,64.0,1.39,1.2435459,-0.14645411014556875,0.14645411014556875
2021,2021-2022,Monte Morris,DEN,PG,75.0,1.09,0.95772505,-0.13227495193481453,0.13227495193481453
2021,2021-2022,Darius Bazley,OKC,PF,69.0,0.15,0.0244068,-0.12559319995343685,0.12559319995343685
2021,2021-2022,Miles Bridges,CHO,PF,80.0,1.52,1.3970772,-0.12292279720306398,0.12292279720306398
2021,2021-2022,Otto Porter Jr.,GSW,PF,63.0,0.76,0.6375842,-0.12241579055786134,0.12241579055786134
2021,2021-2022,Kevin Love,CLE,C,74.0,1.56,1.4405061,-0.119493899345398,0.119493899345398
2021,2021-2022,Raul Neto,WAS,PG,70.0,0.26,0.14463326,-0.11536673665046693,0.11536673665046693
2021,2021-2022,Dalano Banton,TOR,PG,64.0,-0.16,-0.27392158,-0.11392157912254333,0.11392157912254333
2021,2021-2022,Ish Smith,2TM,PG,65.0,0.0,-0.083841935,-0.08384193480014801,0.08384193480014801
2021,2021-2022,Ayo Dosunmu,CHI,SG,77.0,0.31,0.22825357,-0.081746426820755,0.081746426820755
2021,2021-2022,JaMychal Green,DEN,PF,67.0,0.51,0.42959177,-0.08040822505950929,0.08040822505950929
2021,2021-2022,Robert Covington,2TM,PF,71.0,0.56,0.4842278,-0.07577219367027288,0.07577219367027288
2021,2021-2022,Dennis Schroder,2TM,PG,64.0,0.24,0.16564147,-0.07435852825641631,0.07435852825641631
2021,2021-2022,Devin Booker,PHO,SG,68.0,1.9,1.8273906,-0.07260944843292227,0.07260944843292227
2021,2021-2022,Mason Plumlee,CHO,C,73.0,0.19,0.12460355,-0.06539645284414292,0.06539645284414292
2021,2021-2022,Carmelo Anthony,LAL,PF,69.0,1.17,1.1055269,-0.06447307586669915,0.06447307586669915
2021,2021-2022,Cade Cunningham,DET,SG,64.0,-0.52,-0.57872725,-0.05872724533081053,0.05872724533081053
2021,2021-2022,Seth Curry,2TM,SG,64.0,1.06,1.0025812,-0.05741876125335699,0.05741876125335699
2021,2021-2022,Cory Joseph,DET,PG,65.0,0.27,0.2130141,-0.056985903978347796,0.056985903978347796
2021,2021-2022,Delon Wright,ATL,SG,77.0,0.26,0.20961909,-0.05038091003894807,0.05038091003894807
2021,2021-2022,Aaron Holiday,2TM,PG,63.0,0.2,0.15055557,-0.04944443404674531,0.04944443404674531
2021,2021-2022,Josh Green,DAL,SG,67.0,0.25,0.20652059,-0.04347941279411316,0.04347941279411316
2021,2021-2022,Tyus Jones,MEM,PG,73.0,0.65,0.6108993,-0.03910067081451418,0.03910067081451418
2021,2021-2022,Bogdan Bogdanovic,ATL,SG,63.0,1.24,1.2046106,-0.035389413833618155,0.035389413833618155
2021,2021-2022,Tyrese Maxey,PHI,PG,75.0,1.23,1.2002324,-0.02976761341094969,0.02976761341094969
2021,2021-2022,Amir Coffey,LAC,SG,69.0,0.77,0.7480186,-0.021981377601623553,0.021981377601623553
2021,2021-2022,Jonathan Kuminga,GSW,SF,70.0,0.51,0.49178958,-0.018210420608520517,0.018210420608520517
2021,2021-2022,Kenyon Martin Jr.,HOU,SF,79.0,0.63,0.6158996,-0.01410037755966187,0.01410037755966187
2021,2021-2022,Isaiah Hartenstein,LAC,C,68.0,0.64,0.6306137,-0.009386315345764173,0.009386315345764173
2021,2021-2022,Russell Westbrook,LAL,PG,78.0,-0.41,-0.4127161,-0.0027160906791687256,0.0027160906791687256
2021,2021-2022,Drew Eubanks,2TM,C,71.0,0.42,0.42971203,0.009712027311325089,0.009712027311325089
2021,2021-2022,Kevon Looney,GSW,C,82.0,0.15,0.16820878,0.018208777904510504,0.018208777904510504
2021,2021-2022,Javonte Green,CHI,SF,65.0,0.49,0.5113456,0.021345624923706064,0.021345624923706064
2021,2021-2022,Alec Burks,NYK,SG,81.0,0.81,0.83642393,0.02642393350601191,0.02642393350601191
2021,2021-2022,Jakob Poeltl,SAS,C,68.0,0.47,0.4999884,0.029988406896591213,0.029988406896591213
2021,2021-2022,R.J. Hampton,ORL,SG,64.0,-0.09,-0.042323772,0.0476762281358242,0.0476762281358242
2021,2021-2022,Bruce Brown,BRK,SF,72.0,0.54,0.5968568,0.05685677289962765,0.05685677289962765
2021,2021-2022,Cam Thomas,BRK,SG,67.0,0.23,0.29301766,0.0630176556110382,0.0630176556110382
2021,2021-2022,Killian Hayes,DET,PG,66.0,-0.73,-0.6583159,0.07168410301208494,0.07168410301208494
2021,2021-2022,Juan Toscano-Anderson,GSW,SF,73.0,0.0,0.072831325,0.07283132523298264,0.07283132523298264
2021,2021-2022,Facundo Campazzo,DEN,PG,65.0,-0.15,-0.073832005,0.07616799473762512,0.07616799473762512
2021,2021-2022,Giannis Antetokounmpo,MIL,PF,67.0,2.24,2.3291063,0.08910633087158182,0.08910633087158182
2021,2021-2022,Kentavious Caldwell-Pope,WAS,SG,77.0,0.83,0.9387735,0.10877351284027104,0.10877351284027104
2021,2021-2022,Precious Achiuwa,TOR,C,73.0,-0.05,0.06290696,0.11290695816278458,0.11290695816278458
2021,2021-2022,Kevin Huerter,ATL,SF,74.0,0.59,0.70301723,0.11301723480224612,0.11301723480224612
2021,2021-2022,Jordan McLaughlin,MIN,PG,62.0,-0.05,0.06455526,0.11455525755882263,0.11455525755882263
2021,2021-2022,RJ Barrett,NYK,SF,70.0,0.15,0.2697082,0.11970818638801575,0.11970818638801575
2021,2021-2022,Trey Lyles,2TM,PF,75.0,0.6,0.72102356,0.12102355957031252,0.12102355957031252
2021,2021-2022,Trey Murphy III,NOP,SF,62.0,0.3,0.42315295,0.12315295338630677,0.12315295338630677
2021,2021-2022,Obi Toppin,NYK,PF,72.0,0.7,0.8239506,0.12395058870315556,0.12395058870315556
2021,2021-2022,Kyle Anderson,MEM,PF,69.0,-0.08,0.051098112,0.1310981120169163,0.1310981120169163
2021,2021-2022,Nikola Jokic,DEN,C,74.0,2.63,2.7634397,0.13343965530395518,0.13343965530395518
2021,2021-2022,John Konchar,MEM,SG,72.0,0.31,0.46525422,0.15525421738624573,0.15525421738624573
2021,2021-2022,Jaxson Hayes,NOP,C,70.0,0.82,0.98181844,0.161818437576294,0.161818437576294
2021,2021-2022,Bryn Forbes,2TM,SG,75.0,0.62,0.7925894,0.17258942604064942,0.17258942604064942
2021,2021-2022,Jevon Carter,2TM,PG,66.0,0.15,0.32320854,0.1732085406780243,0.1732085406780243
2021,2021-2022,Oshae Brissett,IND,SF,67.0,0.19,0.36412895,0.1741289472579956,0.1741289472579956
2021,2021-2022,Grayson Allen,MIL,SG,66.0,0.87,1.0508991,0.18089914798736573,0.18089914798736573
2021,2021-2022,Zach LaVine,CHI,SG,67.0,1.75,1.932901,0.1829010248184204,0.1829010248184204
2021,2021-2022,De'Anthony Melton,MEM,SG,73.0,0.1,0.31072408,0.21072407960891723,0.21072407960891723
2021,2021-2022,Jae'Sean Tate,HOU,PF,78.0,0.0,0.21143594,0.2114359438419342,0.2114359438419342
2021,2021-2022,Grant Williams,BOS,PF,77.0,0.45,0.6764577,0.2264577031135559,0.2264577031135559
2021,2021-2022,Torrey Craig,2TM,SF,78.0,0.0,0.22705811,0.22705811262130737,0.22705811262130737
2021,2021-2022,Tyrese Haliburton,2TM,PG,77.0,0.37,0.6223756,0.25237560749053956,0.25237560749053956
2021,2021-2022,Daniel Gafford,WAS,C,72.0,0.76,1.0202531,0.26025306224822997,0.26025306224822997
2021,2021-2022,Bobby Portis,MIL,C,72.0,0.69,0.95592976,0.26592975616455083,0.26592975616455083
2021,2021-2022,Corey Kispert,WAS,SF,77.0,0.37,0.662546,0.29254597902297974,0.29254597902297974
2021,2021-2022,Dwight Powell,DAL,C,82.0,0.57,0.86525536,0.295255355834961,0.295255355834961
2021,2021-2022,Mo Bamba,ORL,C,71.0,0.38,0.67981607,0.2998160672187805,0.2998160672187805
2021,2021-2022,Troy Brown Jr.,CHI,SF,66.0,0.05,0.3561775,0.3061775088310242,0.3061775088310242
2021,2021-2022,Danilo Gallinari,ATL,PF,66.0,0.64,0.9657185,0.3257185077667236,0.3257185077667236
2021,2021-2022,Jordan Nwora,MIL,SF,62.0,-0.06,0.26673755,0.32673755049705505,0.32673755049705505
2021,2021-2022,Hassan Whiteside,UTA,C,65.0,0.37,0.70146763,0.3314676332473755,0.3314676332473755
2021,2021-2022,Moritz Wagner,ORL,C,63.0,0.52,0.8546011,0.3346010851860046,0.3346010851860046
2021,2021-2022,Franz Wagner,ORL,SF,79.0,0.21,0.5480438,0.33804378747940067,0.33804378747940067
2021,2021-2022,Lamar Stevens,CLE,PF,63.0,0.01,0.3551539,0.345153888463974,0.345153888463974
2021,2021-2022,Jaden McDaniels,MIN,PF,70.0,0.02,0.37505272,0.3550527203083038,0.3550527203083038
2021,2021-2022,Nikola Vucevic,CHI,C,73.0,0.14,0.5011984,0.361198410987854,0.361198410987854
2021,2021-2022,Deni Avdija,WAS,SF,82.0,-0.14,0.22428635,0.3642863476276398,0.3642863476276398
2021,2021-2022,Christian Wood,HOU,C,68.0,0.56,0.94054276,0.38054275751113886,0.38054275751113886
2021,2021-2022,Tre Jones,SAS,PG,69.0,-0.07,0.3365193,0.4065193009376526,0.4065193009376526
2021,2021-2022,Clint Capela,ATL,C,74.0,0.69,1.1115841,0.4215840673446656,0.4215840673446656
2021,2021-2022,Danny Green,PHI,SF,62.0,-0.15,0.2743366,0.4243366062641144,0.4243366062641144
2021,2021-2022,Derrick White,2TM,SG,75.0,0.3,0.7347614,0.43476141691207887,0.43476141691207887
2021,2021-2022,Payton Pritchard,BOS,PG,71.0,0.38,0.8161717,0.43617170572280883,0.43617170572280883
2021,2021-2022,Darius Garland,CLE,PG,68.0,0.18,0.63657093,0.45657093048095704,0.45657093048095704
2021,2021-2022,Terry Rozier,CHO,SG,73.0,1.49,1.9621575,0.4721574878692627,0.4721574878692627
2021,2021-2022,Ziaire Williams,MEM,SF,62.0,-0.09,0.38646066,0.4764606618881225,0.4764606618881225
2021,2021-2022,Jeff Green,DEN,PF,75.0,0.31,0.7899307,0.47993070125579834,0.47993070125579834
2021,2021-2022,Pat Connaughton,MIL,SF,65.0,0.46,0.9641918,0.5041917943954468,0.5041917943954468
2021,2021-2022,Jalen Brunson,DAL,SG,79.0,0.56,1.0648555,0.5048554563522338,0.5048554563522338
2021,2021-2022,Jordan Poole,GSW,SG,76.0,0.84,1.3548855,0.5148854589462281,0.5148854589462281
2021,2021-2022,Tobias Harris,PHI,PF,73.0,0.42,0.93933856,0.5193385648727418,0.5193385648727418
2021,2021-2022,Justin Holiday,2TM,SF,74.0,-0.04,0.48446956,0.5244695627689362,0.5244695627689362
2021,2021-2022,Royce O'Neale,UTA,SF,77.0,0.01,0.5484949,0.5384948754310608,0.5384948754310608
2021,2021-2022,Desmond Bane,MEM,SG,76.0,1.24,1.7850187,0.5450186824798584,0.5450186824798584
2021,2021-2022,Cole Anthony,ORL,PG,65.0,-0.24,0.31916487,0.5591648721694946,0.5591648721694946
2021,2021-2022,Julius Randle,NYK,PF,72.0,-1.12,-0.52095306,0.5990469408035279,0.5990469408035279
2021,2021-2022,Harrison Barnes,SAC,PF,77.0,0.69,1.3087904,0.6187904453277588,0.6187904453277588
2021,2021-2022,Dejounte Murray,SAS,PG,68.0,-0.19,0.43391216,0.6239121580123901,0.6239121580123901
2021,2021-2022,Anthony Edwards,MIN,SG,72.0,0.22,0.8910816,0.6710815715789795,0.6710815715789795
2021,2021-2022,Ben McLemore,POR,SG,64.0,0.11,0.79918635,0.6891863489151001,0.6891863489151001
2021,2021-2022,LaMelo Ball,CHO,PG,75.0,-0.03,0.7003539,0.7303539204597473,0.7303539204597473
2021,2021-2022,Andrew Wiggins,GSW,SF,73.0,0.06,0.8000127,0.7400127077102661,0.7400127077102661
2021,2021-2022,Isaiah Stewart,DET,C,71.0,-0.6,0.14011773,0.740117734670639,0.740117734670639
2021,2021-2022,Bojan Bogdanovic,UTA,PF,69.0,0.72,1.464078,0.7440779495239258,0.7440779495239258
2021,2021-2022,Jarred Vanderbilt,MIN,PF,74.0,-0.39,0.36986932,0.7598693215847016,0.7598693215847016
2021,2021-2022,Wendell Carter Jr.,ORL,PF,62.0,-0.15,0.6192561,0.76925607919693,0.76925607919693
2021,2021-2022,Jalen Green,HOU,SG,67.0,-0.19,0.5896623,0.7796623134613037,0.7796623134613037
2021,2021-2022,Will Barton,DEN,SG,71.0,-0.06,0.72142607,0.7814260697364808,0.7814260697364808
2021,2021-2022,Evan Fournier,NYK,SG,80.0,0.21,1.0174868,0.8074868106842041,0.8074868106842041
2021,2021-2022,Joel Embiid,PHI,C,68.0,1.89,2.7938855,0.9038854694366456,0.9038854694366456
2021,2021-2022,CJ McCollum,2TM,PG,62.0,0.41,1.3371533,0.9271533155441285,0.9271533155441285
2021,2021-2022,Jayson Tatum,BOS,SF,76.0,1.11,2.1012464,0.9912463569641112,0.9912463569641112
2021,2021-2022,Keldon Johnson,SAS,SF,75.0,0.04,1.0778668,1.037866792678833,1.037866792678833
2021,2021-2022,Fred VanVleet,TOR,PG,65.0,0.01,1.0843098,1.0743098163604736,1.0743098163604736
2021,2021-2022,Jaylen Brown,BOS,SF,66.0,0.11,1.1946945,1.0846945190429687,1.0846945190429687
2021,2021-2022,James Harden,2TM,PG,65.0,-0.39,0.74216187,1.1321618700027467,1.1321618700027467
2021,2021-2022,Duncan Robinson,MIA,SG,79.0,-0.18,1.0654141,1.2454140710830688,1.2454140710830688
2021,2021-2022,Devin Vassell,SAS,SF,71.0,-0.56,0.7880787,1.3480787253379822,1.3480787253379822
2021,2021-2022,Trae Young,ATL,PG,76.0,0.03,2.4946377,2.464637727737427,2.464637727737427
2021,2021-2022,Donovan Mitchell,UTA,SG,67.0,-0.84,1.6314199,2.4714198970794676,2.4714198970794676
2022,2022-2023,De'Aaron Fox,SAC,PG,73.0,5.44,1.4410975,-3.998902502059937,3.998902502059937
2022,2022-2023,Dennis Schroder,LAL,PG,66.0,2.59,0.21695177,-2.37304822742939,2.37304822742939
2022,2022-2023,DeMar DeRozan,CHI,SF,74.0,4.63,2.319835,-2.3101650524139403,2.3101650524139403
2022,2022-2023,Jimmy Butler,MIA,PF,64.0,3.74,1.5478152,-2.192184796333313,2.192184796333313
2022,2022-2023,Jalen Williams,OKC,SG,75.0,2.5,0.41147593,-2.0885240733623505,2.0885240733623505
2022,2022-2023,Evan Mobley,CLE,PF,79.0,2.71,0.76238394,-1.9476160621643066,1.9476160621643066
2022,2022-2023,Tyler Herro,MIA,SG,67.0,2.78,1.3061035,-1.4738965320587156,1.4738965320587156
2022,2022-2023,Bam Adebayo,MIA,C,75.0,2.26,0.8447325,-1.4152674770355222,1.4152674770355222
2022,2022-2023,RJ Barrett,NYK,SG,73.0,1.54,0.31702223,-1.2229777657985688,1.2229777657985688
2022,2022-2023,Walker Kessler,UTA,C,74.0,1.9,0.6772813,-1.2227186799049377,1.2227186799049377
2022,2022-2023,Trae Young,ATL,PG,73.0,2.05,0.8959387,-1.1540613055229185,1.1540613055229185
2022,2022-2023,Royce O'Neale,BRK,SF,76.0,1.22,0.06937228,-1.1506277185678482,1.1506277185678482
2022,2022-2023,Brook Lopez,MIL,C,78.0,2.16,1.0291401,-1.1308598852157594,1.1308598852157594
2022,2022-2023,Joel Embiid,PHI,C,66.0,3.87,2.7416818,-1.1283181858062745,1.1283181858062745
2022,2022-2023,Scottie Barnes,TOR,SF,77.0,1.22,0.108960815,-1.1110391852259636,1.1110391852259636
2022,2022-2023,Kevin Huerter,SAC,SG,75.0,2.29,1.2124324,-1.0775676155090332,1.0775676155090332
2022,2022-2023,Trey Murphy III,NOP,SF,79.0,2.4,1.416979,-0.98302104473114,0.98302104473114
2022,2022-2023,Nicolas Batum,LAC,PF,78.0,1.49,0.5446224,-0.9453775787353516,0.9453775787353516
2022,2022-2023,Jerami Grant,POR,PF,63.0,2.23,1.2847134,-0.9452866125106811,0.9452866125106811
2022,2022-2023,AJ Griffin,ATL,SF,72.0,1.56,0.65369135,-0.9063086485862732,0.9063086485862732
2022,2022-2023,Dejounte Murray,ATL,SG,74.0,1.5,0.6009275,-0.899072527885437,0.899072527885437
2022,2022-2023,Jabari Smith Jr.,HOU,PF,79.0,0.93,0.033882096,-0.8961179035902024,0.8961179035902024
2022,2022-2023,Austin Reaves,LAL,SG,64.0,1.82,0.92411673,-0.8958832693099976,0.8958832693099976
2022,2022-2023,Onyeka Okongwu,ATL,C,80.0,1.78,0.889122,-0.8908779907226563,0.8908779907226563
2022,2022-2023,Kyle Kuzma,WAS,PF,64.0,1.33,0.44621992,-0.8837800788879395,0.8837800788879395
2022,2022-2023,Malcolm Brogdon,BOS,PG,67.0,2.01,1.1321955,-0.8778045272827146,0.8778045272827146
2022,2022-2023,Domantas Sabonis,SAC,C,79.0,1.8,0.92671806,-0.8732819437980652,0.8732819437980652
2022,2022-2023,Lauri Markkanen,UTA,PF,66.0,2.93,2.1004045,-0.8295954990386964,0.8295954990386964
2022,2022-2023,Georges Niang,PHI,PF,78.0,1.75,0.92318285,-0.8268171548843384,0.8268171548843384
2022,2022-2023,Jalen Brunson,NYK,PG,68.0,2.39,1.568526,-0.8214739704132081,0.8214739704132081
2022,2022-2023,Wenyen Gabriel,LAL,C,68.0,1.12,0.31688595,-0.8031140518188478,0.8031140518188478
2022,2022-2023,Myles Turner,IND,C,62.0,1.94,1.1448531,-0.7951468849182128,0.7951468849182128
2022,2022-2023,Jrue Holiday,MIL,PG,67.0,1.63,0.83712405,-0.7928759503364562,0.7928759503364562
2022,2022-2023,Cory Joseph,DET,PG,62.0,1.04,0.26787367,-0.7721263253688813,0.7721263253688813
2022,2022-2023,Caris LeVert,CLE,SG,74.0,0.93,0.17624117,-0.7537588256597519,0.7537588256597519
2022,2022-2023,Isaiah Hartenstein,NYK,C,82.0,0.83,0.10866605,-0.7213339525461196,0.7213339525461196
2022,2022-2023,Damion Lee,PHO,SG,74.0,1.4,0.6793265,-0.7206735253334045,0.7206735253334045
2022,2022-2023,Derrick Jones Jr.,CHI,PF,64.0,1.17,0.4557799,-0.7142200899124145,0.7142200899124145
2022,2022-2023,Aaron Nesmith,IND,SF,73.0,1.3,0.5916068,-0.7083932042121888,0.7083932042121888
2022,2022-2023,Jonathan Kuminga,GSW,PF,67.0,1.09,0.43970323,-0.6502967739105225,0.6502967739105225
2022,2022-2023,Jaden Ivey,DET,SG,74.0,0.05,-0.6000633,-0.6500633239746094,0.6500633239746094
2022,2022-2023,Kelly Olynyk,UTA,C,68.0,1.03,0.38623905,-0.6437609481811524,0.6437609481811524
2022,2022-2023,Saddiq Bey,2TM,SF,77.0,1.8,1.187731,-0.6122689723968506,0.6122689723968506
2022,2022-2023,Malik Monk,SAC,SG,77.0,1.79,1.1898948,-0.6001052045822144,0.6001052045822144
2022,2022-2023,Daniel Gafford,WAS,C,78.0,1.38,0.78532296,-0.5946770358085631,0.5946770358085631
2022,2022-2023,Jaylen Brown,BOS,SF,67.0,1.92,1.3395965,-0.5804034900665282,0.5804034900665282
2022,2022-2023,Ayo Dosunmu,CHI,SG,80.0,0.79,0.21831247,-0.5716875278949738,0.5716875278949738
2022,2022-2023,Dwight Powell,DAL,C,76.0,1.06,0.4903911,-0.5696088945865632,0.5696088945865632
2022,2022-2023,Doug McDermott,SAS,SF,64.0,1.29,0.7241476,-0.565852382183075,0.565852382183075
2022,2022-2023,Jamal Murray,DEN,PG,65.0,1.59,1.0292426,-0.5607573652267457,0.5607573652267457
2022,2022-2023,Bennedict Mathurin,IND,SG,78.0,1.11,0.5530302,-0.5569698071479798,0.5569698071479798
2022,2022-2023,Paolo Banchero,ORL,PF,72.0,0.33,-0.19633396,-0.5263339596986771,0.5263339596986771
2022,2022-2023,Coby White,CHI,SG,74.0,1.3,0.8006853,-0.4993147134780884,0.4993147134780884
2022,2022-2023,Jaren Jackson Jr.,MEM,C,63.0,1.69,1.1912267,-0.4987732791900634,0.4987732791900634
2022,2022-2023,Ivica Zubac,LAC,C,76.0,1.02,0.5294998,-0.4905001711845398,0.4905001711845398
2022,2022-2023,Aaron Gordon,DEN,PF,68.0,1.52,1.0450758,-0.47492422580718996,0.47492422580718996
2022,2022-2023,D'Angelo Russell,2TM,PG,71.0,1.42,0.95049316,-0.4695068430900573,0.4695068430900573
2022,2022-2023,Isaac Okoro,CLE,SF,76.0,0.98,0.5202118,-0.45978818416595457,0.45978818416595457
2022,2022-2023,Shake Milton,PHI,SG,76.0,0.77,0.3156973,-0.4543026876449585,0.4543026876449585
2022,2022-2023,Michael Porter Jr.,DEN,SF,62.0,1.76,1.3080153,-0.4519846534729004,0.4519846534729004
2022,2022-2023,Davion Mitchell,SAC,PG,80.0,0.69,0.25341415,-0.43658584594726557,0.43658584594726557
2022,2022-2023,Christian Braun,DEN,SG,76.0,0.74,0.31210735,-0.4278926455974579,0.4278926455974579
2022,2022-2023,Rui Hachimura,2TM,PF,63.0,1.0,0.57894546,-0.42105454206466675,0.42105454206466675
2022,2022-2023,David Roddy,MEM,PF,70.0,0.54,0.1351328,-0.40486719548702244,0.40486719548702244
2022,2022-2023,P.J. Washington,CHO,PF,73.0,1.15,0.7501694,-0.39983060359954825,0.39983060359954825
2022,2022-2023,Sam Hauser,BOS,SF,80.0,1.09,0.70577073,-0.38422926902771004,0.38422926902771004
2022,2022-2023,Kenyon Martin Jr.,HOU,SF,82.0,1.26,0.8784535,-0.3815465068817139,0.3815465068817139
2022,2022-2023,Donovan Mitchell,CLE,SG,68.0,2.35,1.9773932,-0.37260684967041025,0.37260684967041025
2022,2022-2023,Spencer Dinwiddie,2TM,SG,79.0,1.71,1.3651619,-0.34483810424804684,0.34483810424804684
2022,2022-2023,Josh Giddey,OKC,PF,76.0,-0.18,-0.5168434,-0.33684337854385377,0.33684337854385377
2022,2022-2023,Aaron Holiday,ATL,PG,63.0,0.47,0.15025747,-0.3197425317764282,0.3197425317764282
2022,2022-2023,Bol Bol,ORL,PF,70.0,0.57,0.25104913,-0.3189508688449859,0.3189508688449859
2022,2022-2023,Oshae Brissett,IND,PF,65.0,0.57,0.25431558,-0.31568441510200496,0.31568441510200496
2022,2022-2023,Tari Eason,HOU,PF,82.0,0.2,-0.11029722,-0.31029721796512605,0.31029721796512605
2022,2022-2023,Tyus Jones,MEM,PG,80.0,1.02,0.71307474,-0.30692525625228884,0.30692525625228884
2022,2022-2023,Jalen McDaniels,2TM,SF,80.0,0.65,0.35498193,-0.295018070936203,0.295018070936203
2022,2022-2023,Obi Toppin,NYK,PF,67.0,0.93,0.63863313,-0.29136686801910405,0.29136686801910405
2022,2022-2023,Jordan Nwora,2TM,SF,62.0,0.59,0.30035725,-0.2896427476406097,0.2896427476406097
2022,2022-2023,Kevin Knox II,2TM,SF,63.0,0.6,0.34180948,-0.25819051861763,0.25819051861763
2022,2022-2023,Usman Garuba,HOU,C,75.0,0.29,0.045140907,-0.2448590928316116,0.2448590928316116
2022,2022-2023,Gabe Vincent,MIA,PG,68.0,0.58,0.3407411,-0.23925890207290645,0.23925890207290645
2022,2022-2023,De'Anthony Melton,PHI,SG,77.0,0.63,0.39185342,-0.2381465780735016,0.2381465780735016
2022,2022-2023,Killian Hayes,DET,PG,76.0,-0.73,-0.9680518,-0.2380517911911011,0.2380517911911011
2022,2022-2023,Quentin Grimes,NYK,SG,71.0,1.08,0.8510953,-0.22890468120574958,0.22890468120574958
2022,2022-2023,Shaedon Sharpe,POR,SG,80.0,0.68,0.4520738,-0.22792618751525884,0.22792618751525884
2022,2022-2023,Miles McBride,NYK,PG,64.0,0.29,0.064061746,-0.2259382539987564,0.2259382539987564
2022,2022-2023,Jaden McDaniels,MIN,SF,79.0,0.75,0.5249828,-0.22501718997955322,0.22501718997955322
2022,2022-2023,Kevon Looney,GSW,C,82.0,0.74,0.51969546,-0.2203045392036438,0.2203045392036438
2022,2022-2023,Christian Wood,DAL,C,67.0,1.28,1.0745984,-0.2054015684127808,0.2054015684127808
2022,2022-2023,Bruce Brown,DEN,SF,80.0,0.53,0.32758978,-0.20241021990776065,0.20241021990776065
2022,2022-2023,Clint Capela,ATL,C,65.0,1.24,1.0450488,-0.1949511671066284,0.1949511671066284
2022,2022-2023,Grant Williams,BOS,PF,79.0,0.73,0.5376352,-0.1923647928237915,0.1923647928237915
2022,2022-2023,Andrew Nembhard,IND,SG,75.0,0.09,-0.10147223,-0.19147222876548767,0.19147222876548767
2022,2022-2023,Rudy Gobert,MIN,C,70.0,1.01,0.8416544,-0.1683455801010132,0.1683455801010132
2022,2022-2023,Derrick White,BOS,SG,82.0,1.3,1.1321917,-0.1678083419799805,0.1678083419799805
2022,2022-2023,Nick Richards,CHO,C,65.0,0.8,0.64045674,-0.15954326391220097,0.15954326391220097
2022,2022-2023,Lamar Stevens,CLE,SF,62.0,0.47,0.3246833,-0.14531669139862058,0.14531669139862058
2022,2022-2023,Paul Reed,PHI,C,69.0,0.48,0.34180576,-0.13819424390792845,0.13819424390792845
2022,2022-2023,Bobby Portis,MIL,PF,70.0,1.06,0.92900974,-0.13099026441574102,0.13099026441574102
2022,2022-2023,Chimezie Metu,SAC,PF,66.0,0.65,0.522893,-0.12710698843002322,0.12710698843002322
2022,2022-2023,Al Horford,BOS,C,63.0,0.98,0.866874,-0.11312602043151854,0.11312602043151854
2022,2022-2023,Anfernee Simons,POR,SG,62.0,1.78,1.6706225,-0.10937753200531009,0.10937753200531009
2022,2022-2023,OG Anunoby,TOR,SF,67.0,1.06,0.95371234,-0.10628765583038335,0.10628765583038335
2022,2022-2023,Torrey Craig,PHO,PF,79.0,0.38,0.28221333,-0.09778666973114014,0.09778666973114014
2022,2022-2023,Grayson Allen,MIL,SG,72.0,1.1,1.0044274,-0.09557256698608407,0.09557256698608407
2022,2022-2023,Chris Boucher,TOR,PF,76.0,0.98,0.88762045,-0.09237955093383787,0.09237955093383787
2022,2022-2023,T.J. McConnell,IND,PG,75.0,0.33,0.2410931,-0.08890690088272096,0.08890690088272096
2022,2022-2023,Drew Eubanks,POR,C,78.0,0.58,0.49157006,-0.08842994451522823,0.08842994451522823
2022,2022-2023,Joe Harris,BRK,SF,74.0,0.74,0.65764904,-0.08235095977783202,0.08235095977783202
2022,2022-2023,Josh Christopher,HOU,SG,64.0,0.2,0.12154962,-0.07845037877559663,0.07845037877559663
2022,2022-2023,Keita Bates-Diop,SAS,PF,67.0,0.72,0.6456133,-0.07438668727874753,0.07438668727874753
2022,2022-2023,Dillon Brooks,MEM,SF,73.0,0.22,0.14616948,-0.07383051633834839,0.07383051633834839
2022,2022-2023,Naz Reid,MIN,C,68.0,0.78,0.71451783,-0.06548216819763186,0.06548216819763186
2022,2022-2023,Larry Nance Jr.,NOP,C,65.0,0.57,0.51114744,-0.05885256052017207,0.05885256052017207
2022,2022-2023,Caleb Martin,MIA,SF,71.0,0.53,0.4734419,-0.0565581011772156,0.0565581011772156
2022,2022-2023,Jordan Goodwin,WAS,PG,62.0,0.15,0.11647764,-0.03352236151695251,0.03352236151695251
2022,2022-2023,Zach Collins,SAS,C,63.0,0.36,0.33156163,-0.02843837499618529,0.02843837499618529
2022,2022-2023,Josh Hart,2TM,SF,76.0,0.34,0.313137,-0.026863005161285425,0.026863005161285425
2022,2022-2023,Terance Mann,LAC,SG,81.0,0.61,0.58439076,-0.025609240531921373,0.025609240531921373
2022,2022-2023,Jalen Duren,DET,C,67.0,0.29,0.26487455,-0.025125452280044536,0.025125452280044536
2022,2022-2023,Nic Claxton,BRK,C,76.0,1.06,1.041427,-0.018572983741760307,0.018572983741760307
2022,2022-2023,De'Andre Hunter,ATL,SF,67.0,0.67,0.65630156,-0.013698441982269327,0.013698441982269327
2022,2022-2023,Aaron Wiggins,OKC,SG,70.0,0.47,0.4608725,-0.009127498865127537,0.009127498865127537
2022,2022-2023,Tobias Harris,PHI,SF,74.0,1.01,1.008332,-0.0016679859161377042,0.0016679859161377042
2022,2022-2023,Jarred Vanderbilt,2TM,PF,78.0,0.27,0.2686118,-0.0013882112503051935,0.0013882112503051935
2022,2022-2023,Buddy Hield,IND,SF,80.0,1.35,1.3502504,0.00025036334991446196,0.00025036334991446196
2022,2022-2023,Harrison Barnes,SAC,PF,82.0,1.21,1.2180254,0.008025445938110387,0.008025445938110387
2022,2022-2023,Tre Mann,OKC,PG,67.0,0.15,0.15884352,0.008843517303466802,0.008843517303466802
2022,2022-2023,Jock Landale,PHO,C,69.0,0.37,0.3897232,0.019723211526870732,0.019723211526870732
2022,2022-2023,Trey Lyles,SAC,PF,74.0,0.61,0.63212603,0.02212603330612184,0.02212603330612184
2022,2022-2023,Isaiah Joe,OKC,SG,73.0,1.0,1.0232205,0.023220539093017578,0.023220539093017578
2022,2022-2023,Naji Marshall,NOP,SF,77.0,0.08,0.10580516,0.025805158615112303,0.025805158615112303
2022,2022-2023,Terence Davis,SAC,SG,64.0,0.41,0.4464992,0.036499198675155664,0.036499198675155664
2022,2022-2023,Keegan Murray,SAC,SF,80.0,0.8,0.8492348,0.0492348194122314,0.0492348194122314
2022,2022-2023,Zach LaVine,CHI,SG,77.0,1.62,1.6713012,0.05130124568939198,0.05130124568939198
2022,2022-2023,Isaiah Jackson,IND,C,63.0,0.34,0.39331913,0.05331912994384763,0.05331912994384763
2022,2022-2023,Jaylen Nowell,MIN,SG,65.0,0.51,0.56841135,0.05841135025024413,0.05841135025024413
2022,2022-2023,Reggie Jackson,2TM,PG,68.0,0.16,0.22633243,0.06633242607116699,0.06633242607116699
2022,2022-2023,Trendon Watford,POR,PF,62.0,0.26,0.32942268,0.06942268252372741,0.06942268252372741
2022,2022-2023,Alex Caruso,CHI,PG,67.0,0.04,0.11799098,0.07799097806215285,0.07799097806215285
2022,2022-2023,Andre Drummond,CHI,C,67.0,0.32,0.39849663,0.07849662780761718,0.07849662780761718
2022,2022-2023,Jalen Johnson,ATL,SF,70.0,0.29,0.37424394,0.08424394488334658,0.08424394488334658
2022,2022-2023,Josh Okogie,PHO,SG,72.0,0.05,0.14276232,0.09276231825351715,0.09276231825351715
2022,2022-2023,Nikola Jokic,DEN,C,69.0,1.78,1.8917788,0.11177882671356199,0.11177882671356199
2022,2022-2023,Jonas Valanciunas,NOP,C,79.0,0.62,0.73459977,0.114599769115448,0.114599769115448
2022,2022-2023,Mike Muscala,2TM,C,63.0,0.44,0.5612565,0.1212565279006958,0.1212565279006958
2022,2022-2023,John Collins,ATL,PF,71.0,0.62,0.7421359,0.12213588237762452,0.12213588237762452
2022,2022-2023,Dorian Finney-Smith,2TM,PF,66.0,0.28,0.40310642,0.12310642123222348,0.12310642123222348
2022,2022-2023,Anthony Lamb,GSW,SF,62.0,0.21,0.33968425,0.12968424797058106,0.12968424797058106
2022,2022-2023,Jalen Smith,IND,C,68.0,0.31,0.4411233,0.13112330675125122,0.13112330675125122
2022,2022-2023,Moses Moody,GSW,SG,63.0,0.23,0.36189917,0.13189916729927062,0.13189916729927062
2022,2022-2023,Mason Plumlee,2TM,C,79.0,0.54,0.680074,0.1400739765167236,0.1400739765167236
2022,2022-2023,Terrence Ross,2TM,SG,63.0,0.36,0.51292384,0.15292383670806886,0.15292383670806886
2022,2022-2023,Jevon Carter,MIL,PG,81.0,0.36,0.5174858,0.15748579740524293,0.15748579740524293
2022,2022-2023,JT Thor,CHO,PF,69.0,-0.17,0.012969591,0.18296959072351457,0.18296959072351457
2022,2022-2023,Jakob Poeltl,2TM,C,72.0,0.47,0.6583716,0.18837162733078006,0.18837162733078006
2022,2022-2023,John Konchar,MEM,SF,72.0,0.19,0.37925053,0.18925052642822265,0.18925052642822265
2022,2022-2023,P.J. Tucker,PHI,PF,75.0,0.02,0.21637134,0.1963713425397873,0.1963713425397873
2022,2022-2023,Shai Gilgeous-Alexander,OKC,PG,68.0,2.74,2.9366777,0.1966776943206785,0.1966776943206785
2022,2022-2023,Donte DiVincenzo,GSW,SG,72.0,0.31,0.51749617,0.20749616861343384,0.20749616861343384
2022,2022-2023,Luke Kornet,BOS,C,69.0,0.33,0.55475235,0.2247523498535156,0.2247523498535156
2022,2022-2023,Jordan Poole,GSW,PG,82.0,0.91,1.136137,0.22613700866699216,0.22613700866699216
2022,2022-2023,Troy Brown Jr.,LAL,SF,76.0,0.35,0.5761443,0.22614427804946902,0.22614427804946902
2022,2022-2023,Marcus Morris Sr.,LAC,PF,65.0,0.32,0.5749944,0.25499438524246215,0.25499438524246215
2022,2022-2023,Immanuel Quickley,NYK,SG,81.0,0.91,1.1727587,0.2627586984634399,0.2627586984634399
2022,2022-2023,Julius Randle,NYK,PF,77.0,0.99,1.2620499,0.2720499134063721,0.2720499134063721
2022,2022-2023,Deni Avdija,WAS,SF,76.0,-0.39,-0.09443339,0.29556661039590837,0.29556661039590837
2022,2022-2023,Talen Horton-Tucker,UTA,SG,65.0,-0.36,-0.05881135,0.30118864834308623,0.30118864834308623
2022,2022-2023,Tre Jones,SAS,PG,68.0,-0.2,0.115560256,0.31556025594472886,0.31556025594472886
2022,2022-2023,Max Strus,MIA,SF,80.0,0.64,0.9714883,0.3314882969856262,0.3314882969856262
2022,2022-2023,Gary Trent Jr.,TOR,SG,66.0,0.97,1.325629,0.35562899589538577,0.35562899589538577
2022,2022-2023,Franz Wagner,ORL,SF,80.0,0.69,1.0563961,0.3663961267471314,0.3663961267471314
2022,2022-2023,Draymond Green,GSW,PF,73.0,-0.51,-0.12971093,0.38028907239437104,0.38028907239437104
2022,2022-2023,Matisse Thybulle,2TM,SG,71.0,0.07,0.46073774,0.39073773503303527,0.39073773503303527
2022,2022-2023,Malik Beasley,2TM,SG,81.0,0.35,0.74584335,0.3958433508872986,0.3958433508872986
2022,2022-2023,Josh Richardson,2TM,SG,65.0,0.17,0.57549816,0.4054981637001037,0.4054981637001037
2022,2022-2023,Santi Aldama,MEM,PF,77.0,0.27,0.67842185,0.40842185497283934,0.40842185497283934
2022,2022-2023,Russell Westbrook,2TM,PG,73.0,-1.03,-0.61366266,0.4163373398780823,0.4163373398780823
2022,2022-2023,Kyle Anderson,MIN,PF,69.0,-0.24,0.19848254,0.43848254323005675,0.43848254323005675
2022,2022-2023,Eric Gordon,2TM,SG,69.0,0.43,0.8749088,0.44490880489349366,0.44490880489349366
2022,2022-2023,Kendrick Nunn,2TM,SG,70.0,-0.06,0.39695123,0.45695122838020324,0.45695122838020324
2022,2022-2023,Fred VanVleet,TOR,PG,69.0,0.39,0.85133064,0.4613306379318237,0.4613306379318237
2022,2022-2023,Kevin Love,2TM,PF,62.0,0.11,0.5756229,0.46562291622161867,0.46562291622161867
2022,2022-2023,Patrick Williams,CHI,PF,82.0,0.07,0.54827833,0.4782783317565918,0.4782783317565918
2022,2022-2023,Mike Conley,2TM,PG,67.0,0.42,0.9045594,0.48455937385559084,0.48455937385559084
2022,2022-2023,Jarrett Allen,CLE,C,68.0,0.66,1.1549263,0.4949263000488281,0.4949263000488281
2022,2022-2023,Cedi Osman,CLE,SF,77.0,0.18,0.6927745,0.5127744746208192,0.5127744746208192
2022,2022-2023,Nikola Vucevic,CHI,C,82.0,0.6,1.114389,0.5143889427185059,0.5143889427185059
2022,2022-2023,Herbert Jones,NOP,PF,66.0,-0.24,0.28009096,0.5200909578800201,0.5200909578800201
2022,2022-2023,Terry Rozier,CHO,SG,63.0,0.06,0.6215706,0.5615705871582031,0.5615705871582031
2022,2022-2023,Deandre Ayton,PHO,C,67.0,0.51,1.0863531,0.576353063583374,0.576353063583374
2022,2022-2023,Patrick Beverley,2TM,SG,67.0,-0.45,0.13638246,0.5863824605941772,0.5863824605941772
2022,2022-2023,Devonte' Graham,2TM,PG,73.0,0.04,0.66439366,0.624393663406372,0.624393663406372
2022,2022-2023,Kentavious Caldwell-Pope,DEN,SG,76.0,0.23,0.8573459,0.6273458790779114,0.6273458790779114
2022,2022-2023,Tim Hardaway Jr.,DAL,SF,71.0,0.5,1.1539229,0.6539229154586792,0.6539229154586792
2022,2022-2023,Monte Morris,WAS,PG,62.0,0.05,0.7109047,0.6609047174453735,0.6609047174453735
2022,2022-2023,Giannis Antetokounmpo,MIL,PF,63.0,1.31,1.9987645,0.6887645149230956,0.6887645149230956
2022,2022-2023,Corey Kispert,WAS,SF,74.0,0.38,1.0937911,0.713791127204895,0.713791127204895
2022,2022-2023,Luguentz Dort,OKC,SF,74.0,-0.42,0.3185641,0.738564087152481,0.738564087152481
2022,2022-2023,Pascal Siakam,TOR,PF,71.0,0.31,1.0555103,0.7455102825164794,0.7455102825164794
2022,2022-2023,Keldon Johnson,SAS,SF,63.0,0.13,0.90070933,0.770709331035614,0.770709331035614
2022,2022-2023,Jalen Green,HOU,SG,76.0,-0.1,0.7205143,0.8205142974853515,0.8205142974853515
2022,2022-2023,Kristaps Porzingis,WAS,C,65.0,0.68,1.5033457,0.8233457279205322,0.8233457279205322
2022,2022-2023,Reggie Bullock,DAL,SF,78.0,-0.18,0.6704305,0.8504304814338683,0.8504304814338683
2022,2022-2023,Malaki Branham,SAS,SG,66.0,-0.62,0.29020557,0.91020556807518,0.91020556807518
2022,2022-2023,Mikal Bridges,2TM,SG,83.0,0.57,1.5491377,0.9791377115249634,0.9791377115249634
2022,2022-2023,Anthony Edwards,MIN,SG,79.0,-0.03,1.0015265,1.0315264749526978,1.0315264749526978
2022,2022-2023,Klay Thompson,GSW,SF,69.0,0.52,1.5547771,1.0347771453857422,1.0347771453857422
2022,2022-2023,CJ McCollum,NOP,PG,75.0,-0.39,0.6676919,1.0576918864250184,1.0576918864250184
2022,2022-2023,Alperen Sengun,HOU,C,75.0,-1.03,0.24817057,1.2781705695390702,1.2781705695390702
2022,2022-2023,Luka Doncic,DAL,PG,66.0,1.31,2.6883717,1.3783716583251953,1.3783716583251953
2022,2022-2023,Darius Garland,CLE,PG,69.0,-0.74,0.9537525,1.6937525177001953,1.6937525177001953
2022,2022-2023,Jayson Tatum,BOS,SF,74.0,0.29,2.568221,2.278221092224121,2.278221092224121
2023,2023-2024,DeMar DeRozan,CHI,SF,79.0,4.5,2.352167,-2.1478331089019775,2.1478331089019775
2023,2023-2024,Alex Caruso,CHI,SG,71.0,2.3,0.56372327,-1.7362767338752745,1.7362767338752745
2023,2023-2024,Giannis Antetokounmpo,MIL,PF,73.0,3.77,2.0836258,-1.6863742065429688,1.6863742065429688
2023,2023-2024,Malik Monk,SAC,SG,72.0,2.31,0.90009695,-1.4099030470848084,1.4099030470848084
2023,2023-2024,Josh Hart,NYK,SF,81.0,1.35,0.014576187,-1.3354238126426936,1.3354238126426936
2023,2023-2024,Chet Holmgren,OKC,C,82.0,2.47,1.1699265,-1.3000734758377077,1.3000734758377077
2023,2023-2024,Stephen Curry,GSW,PG,74.0,3.77,2.4931617,-1.276838321685791,1.276838321685791
2023,2023-2024,LeBron James,LAL,PF,71.0,2.75,1.6526014,-1.0973986387252808,1.0973986387252808
2023,2023-2024,Paul George,LAC,PF,74.0,2.99,1.9396161,-1.0503839159011843,1.0503839159011843
2023,2023-2024,Norman Powell,LAC,SG,76.0,2.38,1.3323603,-1.0476397323608397,1.0476397323608397
2023,2023-2024,Jarrett Allen,CLE,C,77.0,2.19,1.1637373,-1.0262627029418945,1.0262627029418945
2023,2023-2024,Keldon Johnson,SAS,SF,69.0,1.72,0.7170515,-1.0029484939575195,1.0029484939575195
2023,2023-2024,Mikal Bridges,BRK,SF,82.0,2.48,1.5154598,-0.9645402240753174,0.9645402240753174
2023,2023-2024,Jalen Williams,OKC,PF,71.0,2.31,1.3563371,-0.9536629295349122,0.9536629295349122
2023,2023-2024,Damian Lillard,MIL,PG,73.0,3.02,2.1139011,-0.906098861694336,0.906098861694336
2023,2023-2024,Max Strus,CLE,SF,70.0,1.37,0.48361772,-0.8863822770118714,0.8863822770118714
2023,2023-2024,Austin Reaves,LAL,SG,82.0,1.84,0.98737085,-0.8526291513442994,0.8526291513442994
2023,2023-2024,Miles Bridges,CHO,SF,69.0,1.57,0.72187805,-0.8481219482421876,0.8481219482421876
2023,2023-2024,Andre Drummond,CHI,C,79.0,1.32,0.47274134,-0.8472586643695832,0.8472586643695832
2023,2023-2024,Franz Wagner,ORL,SF,72.0,1.86,1.100558,-0.759441957473755,0.759441957473755
2023,2023-2024,Jaren Jackson Jr.,MEM,C,66.0,1.76,1.002473,-0.757527003288269,0.757527003288269
2023,2023-2024,Patrick Beverley,2TM,PG,73.0,0.83,0.07761198,-0.7523880171775817,0.7523880171775817
2023,2023-2024,Alec Burks,2TM,SG,66.0,1.55,0.83660936,-0.7133906364440918,0.7133906364440918
2023,2023-2024,Jonathan Kuminga,GSW,PF,74.0,1.58,0.8921247,-0.6878752875328065,0.6878752875328065
2023,2023-2024,Tyrese Maxey,PHI,PG,70.0,2.49,1.8063693,-0.6836306953430178,0.6836306953430178
2023,2023-2024,Aaron Gordon,DEN,PF,73.0,1.5,0.8411104,-0.6588895916938782,0.6588895916938782
2023,2023-2024,Derrick White,BOS,SG,73.0,2.04,1.3871831,-0.6528169298171997,0.6528169298171997
2023,2023-2024,Paolo Banchero,ORL,PF,80.0,1.16,0.5231032,-0.6368968224525451,0.6368968224525451
2023,2023-2024,Coby White,CHI,PG,79.0,1.82,1.1983459,-0.6216541004180909,0.6216541004180909
2023,2023-2024,Nic Claxton,BRK,C,71.0,1.25,0.63527167,-0.6147283315658569,0.6147283315658569
2023,2023-2024,Aaron Wiggins,OKC,SG,78.0,1.15,0.55238086,-0.5976191401481628,0.5976191401481628
2023,2023-2024,Royce O'Neale,2TM,SF,79.0,1.08,0.49885094,-0.58114905834198,0.58114905834198
2023,2023-2024,P.J. Washington,2TM,PF,73.0,1.07,0.49685153,-0.5731484663486481,0.5731484663486481
2023,2023-2024,Nickeil Alexander-Walker,MIN,SG,82.0,1.09,0.536987,-0.553012993335724,0.553012993335724
2023,2023-2024,Kevin Durant,PHO,PF,75.0,2.23,1.6834854,-0.5465146112442016,0.5465146112442016
2023,2023-2024,Saddiq Bey,ATL,SF,63.0,1.47,0.979257,-0.49074301242828366,0.49074301242828366
2023,2023-2024,Amir Coffey,LAC,SF,70.0,1.01,0.53742397,-0.4725760316848755,0.4725760316848755
2023,2023-2024,Buddy Hield,2TM,SF,84.0,1.88,1.4270397,-0.4529602575302123,0.4529602575302123
2023,2023-2024,Kyle Anderson,MIN,PF,79.0,0.28,-0.16502756,-0.4450275588035584,0.4450275588035584
2023,2023-2024,Grant Williams,2TM,PF,76.0,1.01,0.58062845,-0.4293715453147888,0.4293715453147888
2023,2023-2024,Dejounte Murray,ATL,SG,78.0,1.44,1.0107982,-0.4292017841339111,0.4292017841339111
2023,2023-2024,Duncan Robinson,MIA,SF,68.0,1.46,1.03821,-0.4217899656295776,0.4217899656295776
2023,2023-2024,Devin Booker,PHO,PG,68.0,2.33,1.9412075,-0.3887924718856812,0.3887924718856812
2023,2023-2024,Naz Reid,MIN,PF,81.0,1.37,0.9861047,-0.38389527320861827,0.38389527320861827
2023,2023-2024,Rudy Gobert,MIN,C,76.0,1.41,1.0320303,-0.3779696559906005,0.3779696559906005
2023,2023-2024,Brandin Podziemski,GSW,SG,74.0,0.48,0.10991413,-0.370085868537426,0.370085868537426
2023,2023-2024,Isaiah Joe,OKC,SG,78.0,1.36,0.9906487,-0.36935131311416636,0.36935131311416636
2023,2023-2024,Victor Wembanyama,SAS,C,71.0,0.38,0.02774454,-0.3522554609179497,0.3522554609179497
2023,2023-2024,Matisse Thybulle,POR,SF,65.0,0.63,0.28605285,-0.3439471471309662,0.3439471471309662
2023,2023-2024,Aaron Holiday,HOU,PG,78.0,0.87,0.53510624,-0.33489375829696655,0.33489375829696655
2023,2023-2024,Nikola Jokic,DEN,C,79.0,2.79,2.4652145,-0.3247855091094971,0.3247855091094971
2023,2023-2024,Tobias Harris,PHI,PF,70.0,1.3,0.99302346,-0.3069765448570252,0.3069765448570252
2023,2023-2024,Reggie Jackson,DEN,PG,82.0,0.59,0.2969058,-0.2930942142009735,0.2930942142009735
2023,2023-2024,Jeremy Sochan,SAS,PF,74.0,0.1,-0.18883765,-0.2888376474380493,0.2888376474380493
2023,2023-2024,Tyrese Haliburton,IND,PG,69.0,2.19,1.9407985,-0.24920147895812983,0.24920147895812983
2023,2023-2024,Dillon Brooks,HOU,SF,72.0,0.93,0.68181425,-0.24818574666976934,0.24818574666976934
2023,2023-2024,Myles Turner,IND,C,77.0,1.61,1.3756418,-0.2343581771850587,0.2343581771850587
2023,2023-2024,Jusuf Nurkic,PHO,C,76.0,0.05,-0.18335088,-0.23335087597370147,0.23335087597370147
2023,2023-2024,Walker Kessler,UTA,C,64.0,0.8,0.57499325,-0.22500674724578862,0.22500674724578862
2023,2023-2024,Dwight Powell,DAL,C,63.0,0.55,0.36055002,-0.18944998383522038,0.18944998383522038
2023,2023-2024,Pat Connaughton,MIL,SF,76.0,0.6,0.41064554,-0.1893544554710388,0.1893544554710388
2023,2023-2024,Kelly Oubre Jr.,PHI,SF,68.0,0.67,0.48900977,-0.18099023222923283,0.18099023222923283
2023,2023-2024,Zion Williamson,NOP,PF,70.0,1.44,1.2593967,-0.18060332775115961,0.18060332775115961
2023,2023-2024,Naji Marshall,NOP,SF,66.0,0.42,0.24234499,-0.1776550096273422,0.1776550096273422
2023,2023-2024,Jae'Sean Tate,HOU,SF,65.0,0.24,0.06698948,-0.1730105185508728,0.1730105185508728
2023,2023-2024,Caris LeVert,CLE,SG,68.0,0.51,0.33701596,-0.17298404335975648,0.17298404335975648
2023,2023-2024,Precious Achiuwa,2TM,C,74.0,0.25,0.082450435,-0.16754956543445587,0.16754956543445587
2023,2023-2024,Alperen Sengun,HOU,C,63.0,0.53,0.36293098,-0.1670690166950226,0.1670690166950226
2023,2023-2024,Jaime Jaquez Jr.,MIA,SF,75.0,0.35,0.18925606,-0.1607439428567886,0.1607439428567886
2023,2023-2024,Cameron Payne,2TM,PG,78.0,0.72,0.56899196,-0.15100804090499875,0.15100804090499875
2023,2023-2024,Jevon Carter,CHI,PG,72.0,0.34,0.20265591,-0.13734408855438235,0.13734408855438235
2023,2023-2024,Caleb Martin,MIA,SF,64.0,0.44,0.30536735,-0.1346326494216919,0.1346326494216919
2023,2023-2024,Kris Dunn,UTA,PG,66.0,0.19,0.060508586,-0.1294914135336876,0.1294914135336876
2023,2023-2024,Shai Gilgeous-Alexander,OKC,PG,75.0,3.62,3.49744,-0.12255990028381358,0.12255990028381358
2023,2023-2024,Klay Thompson,GSW,SF,77.0,1.72,1.6027257,-0.11727425575256345,0.11727425575256345
2023,2023-2024,Kris Murray,POR,SF,62.0,0.0,-0.11564614,-0.11564613878726959,0.11564613878726959
2023,2023-2024,Drew Eubanks,PHO,C,75.0,0.41,0.3094398,-0.1005601918697357,0.1005601918697357
2023,2023-2024,Peyton Watson,DEN,SF,80.0,0.38,0.2879653,-0.0920347023010254,0.0920347023010254
2023,2023-2024,Tre Jones,SAS,PG,77.0,0.41,0.324691,-0.08530900239944456,0.08530900239944456
2023,2023-2024,Kelly Olynyk,2TM,C,78.0,0.53,0.446722,-0.08327799916267398,0.08327799916267398
2023,2023-2024,Ayo Dosunmu,CHI,SG,76.0,0.88,0.7972818,-0.08271819829940796,0.08271819829940796
2023,2023-2024,Bruce Brown,2TM,SG,67.0,0.49,0.4083225,-0.08167748689651488,0.08167748689651488
2023,2023-2024,Aaron Nesmith,IND,SF,72.0,1.06,0.98004293,-0.07995706558227544,0.07995706558227544
2023,2023-2024,Obi Toppin,IND,PF,82.0,1.24,1.1655873,-0.07441269397735595,0.07441269397735595
2023,2023-2024,Jaden Hardy,DAL,SG,73.0,0.48,0.40848026,-0.0715197432041168,0.0715197432041168
2023,2023-2024,Jeff Green,HOU,PF,78.0,0.63,0.5648961,-0.0651038932800293,0.0651038932800293
2023,2023-2024,Karl-Anthony Towns,MIN,PF,62.0,1.12,1.0794089,-0.04059111595153819,0.04059111595153819
2023,2023-2024,Paul Reed,PHI,C,82.0,0.45,0.41258943,-0.037410569190979015,0.037410569190979015
2023,2023-2024,Tim Hardaway Jr.,DAL,SF,79.0,1.17,1.1368016,-0.033198399543762136,0.033198399543762136
2023,2023-2024,Bogdan Bogdanovic,ATL,SG,79.0,1.52,1.4889625,-0.031037468910217303,0.031037468910217303
2023,2023-2024,Malachi Flynn,3TM,PG,69.0,0.15,0.12574087,-0.024259129166603083,0.024259129166603083
2023,2023-2024,Trayce Jackson-Davis,GSW,PF,68.0,0.74,0.716391,-0.023608973026275626,0.023608973026275626
2023,2023-2024,Anthony Black,ORL,PG,69.0,0.09,0.06847142,-0.021528583168983456,0.021528583168983456
2023,2023-2024,Ochai Agbaji,2TM,SG,78.0,0.11,0.090002716,-0.019997284412384034,0.019997284412384034
2023,2023-2024,Amen Thompson,HOU,SF,62.0,0.25,0.23100254,-0.01899746060371399,0.01899746060371399
2023,2023-2024,Marcus Sasser,DET,PG,71.0,0.22,0.2019383,-0.01806169867515564,0.01806169867515564
2023,2023-2024,Nick Richards,CHO,C,67.0,0.71,0.6946347,-0.015365324020385707,0.015365324020385707
2023,2023-2024,Domantas Sabonis,SAC,C,82.0,0.96,0.9538207,-0.006179294586181605,0.006179294586181605
2023,2023-2024,Jaxson Hayes,LAL,C,70.0,0.33,0.32664675,-0.0033532547950744784,0.0033532547950744784
2023,2023-2024,Corey Kispert,WAS,SF,80.0,1.04,1.0367265,-0.003273525238037145,0.003273525238037145
2023,2023-2024,Moritz Wagner,ORL,C,80.0,1.17,1.1676593,-0.002340717315673757,0.002340717315673757
2023,2023-2024,Rui Hachimura,LAL,PF,68.0,0.89,0.88952523,-0.00047476530075074574,0.00047476530075074574
2023,2023-2024,Immanuel Quickley,2TM,SG,68.0,1.28,1.280866,0.000866026878356907,0.000866026878356907
2023,2023-2024,Bilal Coulibaly,WAS,SF,63.0,0.02,0.021023089,0.0010230890661478038,0.0010230890661478038
2023,2023-2024,Russell Westbrook,LAC,PG,68.0,-0.41,-0.40575537,0.004244629144668555,0.004244629144668555
2023,2023-2024,Cason Wallace,OKC,SG,82.0,0.46,0.47562504,0.015625038146972636,0.015625038146972636
2023,2023-2024,Isaiah Hartenstein,NYK,C,75.0,0.39,0.40704167,0.017041668891906725,0.017041668891906725
2023,2023-2024,Cole Anthony,ORL,PG,81.0,0.44,0.4624196,0.022419599294662473,0.022419599294662473
2023,2023-2024,Haywood Highsmith,MIA,PF,66.0,0.39,0.42273504,0.0327350354194641,0.0327350354194641
2023,2023-2024,Michael Porter Jr.,DEN,SF,81.0,1.64,1.6748703,0.03487025260925303,0.03487025260925303
2023,2023-2024,Jalen Suggs,ORL,SG,75.0,0.72,0.7709442,0.05094417810440066,0.05094417810440066
2023,2023-2024,Goga Bitadze,ORL,C,62.0,0.3,0.35154274,0.05154274106025697,0.05154274106025697
2023,2023-2024,Georges Niang,CLE,PF,82.0,0.88,0.93656904,0.05656903505325317,0.05656903505325317
2023,2023-2024,Andrew Wiggins,GSW,SF,71.0,0.45,0.5076053,0.05760531425476073,0.05760531425476073
2023,2023-2024,Ausar Thompson,DET,SF,63.0,-0.13,-0.06785516,0.062144843041896825,0.062144843041896825
2023,2023-2024,Anthony Davis,LAL,C,76.0,2.0,2.0663402,0.06634020805358887,0.06634020805358887
2023,2023-2024,Spencer Dinwiddie,2TM,PG,76.0,0.51,0.57791543,0.06791543006896972,0.06791543006896972
2023,2023-2024,JT Thor,CHO,PF,63.0,0.23,0.29892507,0.06892507195472716,0.06892507195472716
2023,2023-2024,Julian Champagnie,SAS,SF,74.0,0.39,0.46633774,0.07633774042129515,0.07633774042129515
2023,2023-2024,Jabari Walker,POR,PF,72.0,0.23,0.32168335,0.0916833472251892,0.0916833472251892
2023,2023-2024,Jonas Valanciunas,NOP,C,82.0,0.76,0.85316056,0.09316056013107299,0.09316056013107299
2023,2023-2024,Luke Kornet,BOS,C,63.0,0.83,0.9294081,0.09940807342529301,0.09940807342529301
2023,2023-2024,De'Aaron Fox,SAC,PG,74.0,1.48,1.5856584,0.10565843105316164,0.10565843105316164
2023,2023-2024,John Collins,UTA,PF,68.0,0.8,0.9161072,0.11610717773437496,0.11610717773437496
2023,2023-2024,Moses Moody,GSW,SG,66.0,0.4,0.5237553,0.12375531196594236,0.12375531196594236
2023,2023-2024,Kenrich Williams,OKC,PF,69.0,0.29,0.4180568,0.12805678606033327,0.12805678606033327
2023,2023-2024,Gary Trent Jr.,TOR,SG,71.0,0.69,0.8207023,0.1307023143768311,0.1307023143768311
2023,2023-2024,Max Christie,LAL,SG,67.0,0.14,0.27821016,0.13821016311645506,0.13821016311645506
2023,2023-2024,Garrison Mathews,ATL,SG,66.0,0.4,0.54099953,0.14099953174591062,0.14099953174591062
2023,2023-2024,James Wiseman,DET,C,63.0,0.17,0.31127805,0.1412780451774597,0.1412780451774597
2023,2023-2024,Jabari Smith Jr.,HOU,PF,76.0,0.76,0.9057721,0.1457720899581909,0.1457720899581909
2023,2023-2024,Doug McDermott,2TM,SF,64.0,0.38,0.52588046,0.14588045597076416,0.14588045597076416
2023,2023-2024,Cedi Osman,SAS,SF,72.0,0.33,0.47661877,0.14661876678466795,0.14661876678466795
2023,2023-2024,Trendon Watford,BRK,PF,63.0,0.28,0.43258756,0.1525875639915466,0.1525875639915466
2023,2023-2024,Luka Doncic,DAL,PG,70.0,2.24,2.4165244,0.17652441024780252,0.17652441024780252
2023,2023-2024,Daniel Gafford,2TM,C,74.0,0.88,1.06128,0.1812800121307373,0.1812800121307373
2023,2023-2024,Pascal Siakam,2TM,PF,80.0,1.4,1.5903363,0.19033632278442392,0.19033632278442392
2023,2023-2024,Dario Saric,GSW,C,64.0,0.27,0.4617036,0.19170359849929808,0.19170359849929808
2023,2023-2024,Josh Giddey,OKC,SG,80.0,-0.16,0.040525034,0.20052503407001496,0.20052503407001496
2023,2023-2024,Brandon Miller,CHO,SF,74.0,0.6,0.8210444,0.22104438543319704,0.22104438543319704
2023,2023-2024,Joe Ingles,ORL,SF,68.0,0.04,0.2637493,0.22374930143356322,0.22374930143356322
2023,2023-2024,Ivica Zubac,LAC,C,68.0,0.67,0.9022047,0.23220469236373897,0.23220469236373897
2023,2023-2024,Fred VanVleet,HOU,PG,73.0,1.19,1.4379574,0.2479574060440064,0.2479574060440064
2023,2023-2024,Christian Braun,DEN,SG,82.0,0.24,0.4917764,0.25177640676498414,0.25177640676498414
2023,2023-2024,Malaki Branham,SAS,PG,75.0,-0.01,0.2544532,0.2644532120227814,0.2644532120227814
2023,2023-2024,Collin Sexton,UTA,SG,78.0,1.12,1.3851275,0.26512754440307607,0.26512754440307607
2023,2023-2024,Anthony Edwards,MIN,SG,79.0,1.45,1.7214503,0.27145032882690434,0.27145032882690434
2023,2023-2024,Derrick Jones Jr.,DAL,SF,76.0,0.33,0.6029995,0.2729995083808899,0.2729995083808899
2023,2023-2024,T.J. McConnell,IND,PG,71.0,0.42,0.7004187,0.2804187107086182,0.2804187107086182
2023,2023-2024,Brook Lopez,MIL,C,79.0,0.78,1.070868,0.2908680152893066,0.2908680152893066
2023,2023-2024,Andrew Nembhard,IND,PG,68.0,-0.14,0.15523648,0.29523648262023927,0.29523648262023927
2023,2023-2024,Luguentz Dort,OKC,SF,79.0,0.52,0.82218105,0.3021810460090637,0.3021810460090637
2023,2023-2024,Duop Reath,POR,C,68.0,0.2,0.51023406,0.3102340579032898,0.3102340579032898
2023,2023-2024,Dennis Schroder,2TM,PG,80.0,0.44,0.76063937,0.32063936948776245,0.32063936948776245
2023,2023-2024,Kawhi Leonard,LAC,SF,68.0,1.47,1.8121549,0.3421548891067505,0.3421548891067505
2023,2023-2024,David Roddy,2TM,PF,65.0,-0.31,0.053050756,0.36305075645446777,0.36305075645446777
2023,2023-2024,Isaac Okoro,CLE,SF,69.0,0.22,0.58457977,0.3645797657966614,0.3645797657966614
2023,2023-2024,Jordan Hawkins,NOP,SG,67.0,0.06,0.45612746,0.39612746477127075,0.39612746477127075
2023,2023-2024,Jaylin Williams,OKC,C,69.0,-0.11,0.29334578,0.4033457791805267,0.4033457791805267
2023,2023-2024,Davion Mitchell,SAC,PG,72.0,0.02,0.42829812,0.4082981157302856,0.4082981157302856
2023,2023-2024,Terance Mann,LAC,SG,75.0,0.27,0.68188506,0.41188506364822386,0.41188506364822386
2023,2023-2024,Simone Fontecchio,2TM,SF,66.0,0.37,0.78756374,0.4175637412071228,0.4175637412071228
2023,2023-2024,James Harden,LAC,PG,72.0,0.59,1.0082126,0.41821256637573245,0.41821256637573245
2023,2023-2024,Jrue Holiday,BOS,PG,69.0,0.37,0.7946575,0.42465752840042115,0.42465752840042115
2023,2023-2024,Eric Gordon,PHO,SG,68.0,0.37,0.79894793,0.42894793033599854,0.42894793033599854
2023,2023-2024,Jaden McDaniels,MIN,SF,72.0,0.02,0.46579483,0.4457948315143585,0.4457948315143585
2023,2023-2024,Kevon Looney,GSW,C,74.0,-0.15,0.29639858,0.4463985800743103,0.4463985800743103
2023,2023-2024,Clint Capela,ATL,C,73.0,0.32,0.8089284,0.48892837047576904,0.48892837047576904
2023,2023-2024,Miles McBride,NYK,PG,68.0,0.28,0.7760054,0.49600538730621335,0.49600538730621335
2023,2023-2024,Toumani Camara,POR,PF,70.0,-0.46,0.054384496,0.514384496062994,0.514384496062994
2023,2023-2024,Jaden Ivey,DET,SG,77.0,-0.53,0.01414318,0.5441431801021099,0.5441431801021099
2023,2023-2024,Payton Pritchard,BOS,PG,82.0,0.46,1.0362108,0.5762107753753662,0.5762107753753662
2023,2023-2024,Taurean Prince,LAL,PF,78.0,0.1,0.6765392,0.5765391826629639,0.5765391826629639
2023,2023-2024,Scoot Henderson,POR,PG,62.0,-1.4,-0.80929095,0.5907090544700622,0.5907090544700622
2023,2023-2024,Harrison Barnes,SAC,PF,82.0,0.49,1.088673,0.5986729955673218,0.5986729955673218
2023,2023-2024,Keegan Murray,SAC,SF,77.0,0.48,1.0895755,0.6095755290985108,0.6095755290985108
2023,2023-2024,Dorian Finney-Smith,BRK,PF,68.0,-0.17,0.44931513,0.6193151307106018,0.6193151307106018
2023,2023-2024,Jalen Green,HOU,SG,82.0,0.08,0.748788,0.6687879991531372,0.6687879991531372
2023,2023-2024,Bam Adebayo,MIA,C,71.0,0.16,0.8344855,0.6744854712486267,0.6744854712486267
2023,2023-2024,Al Horford,BOS,C,65.0,0.19,0.88180345,0.6918034529685975,0.6918034529685975
2023,2023-2024,Zach Collins,SAS,C,69.0,-0.55,0.14970005,0.6997000455856324,0.6997000455856324
2023,2023-2024,Bobby Portis,MIL,PF,82.0,0.26,0.96349615,0.7034961485862732,0.7034961485862732
2023,2023-2024,Deni Avdija,WAS,SF,75.0,-0.39,0.339854,0.7298540019989014,0.7298540019989014
2023,2023-2024,Herbert Jones,NOP,SF,76.0,-0.06,0.6705905,0.7305905199050904,0.7305905199050904
2023,2023-2024,Keyonte George,UTA,PG,75.0,-0.85,-0.08020475,0.7697952523827553,0.7697952523827553
2023,2023-2024,Grayson Allen,PHO,SG,75.0,0.63,1.4306585,0.8006584596633911,0.8006584596633911
2023,2023-2024,Jalen Brunson,NYK,PG,77.0,1.68,2.494021,0.8140209388732911,0.8140209388732911
2023,2023-2024,Sam Hauser,BOS,SF,79.0,0.33,1.1920218,0.8620218467712402,0.8620218467712402
2023,2023-2024,D'Angelo Russell,LAL,PG,76.0,0.76,1.63175,0.8717499876022339,0.8717499876022339
2023,2023-2024,Cam Thomas,BRK,SG,66.0,0.42,1.303971,0.8839710521697999,0.8839710521697999
2023,2023-2024,Kentavious Caldwell-Pope,DEN,SG,76.0,-0.04,0.8517822,0.8917822027206421,0.8917822027206421
2023,2023-2024,Kevin Huerter,SAC,SG,64.0,-0.11,0.7881369,0.898136899471283,0.898136899471283
2023,2023-2024,Tyus Jones,WAS,PG,66.0,-0.05,0.858027,0.9080269813537598,0.9080269813537598
2023,2023-2024,Jaylen Brown,BOS,SF,70.0,0.36,1.3093745,0.9493744516372681,0.9493744516372681
2023,2023-2024,Mike Conley,MIN,PG,76.0,0.17,1.1524079,0.9824078845977783,0.9824078845977783
2023,2023-2024,Brandon Ingram,NOP,SF,64.0,-0.12,0.88454497,1.0045449686050416,1.0045449686050416
2023,2023-2024,Devin Vassell,SAS,SG,68.0,0.14,1.1608213,1.0208213186264037,1.0208213186264037
2023,2023-2024,CJ McCollum,NOP,PG,66.0,0.54,1.563993,1.023992977142334,1.023992977142334
2023,2023-2024,Nikola Vucevic,CHI,C,76.0,-0.33,0.7209471,1.0509470868110657,1.0509470868110657
2023,2023-2024,Malik Beasley,MIL,SG,79.0,0.1,1.2006023,1.1006022930145263,1.1006022930145263
2023,2023-2024,Jordan Poole,WAS,SG,78.0,-0.7,0.428418,1.1284180104732513,1.1284180104732513
2023,2023-2024,Donte DiVincenzo,NYK,SG,81.0,0.12,1.3282533,1.2082532691955565,1.2082532691955565
2023,2023-2024,Kyle Kuzma,WAS,PF,70.0,-0.58,0.69255555,1.2725555467605592,1.2725555467605592
2023,2023-2024,Jayson Tatum,BOS,PF,74.0,0.8,2.2705777,1.4705776691436767,1.4705776691436767
2023,2023-2024,Cade Cunningham,DET,PG,62.0,-1.07,0.57023066,1.6402306628227235,1.6402306628227235
2024,2024-2025,LeBron James,LAL,SF,70.0,3.83,1.2944957,-2.535504298210144,2.535504298210144
2024,2024-2025,Jalen Brunson,NYK,PG,65.0,3.7,1.9039518,-1.7960482358932497,1.7960482358932497
2024,2024-2025,Coby White,CHI,SG,74.0,3.21,1.7110015,-1.4989984846115112,1.4989984846115112
2024,2024-2025,Miles Bridges,CHO,PF,64.0,2.54,1.0569581,-1.4830419206619263,1.4830419206619263
2024,2024-2025,Nickeil Alexander-Walker,MIN,SG,82.0,2.1,0.65149003,-1.448509967327118,1.448509967327118
2024,2024-2025,Darius Garland,CLE,PG,75.0,2.76,1.3342179,-1.4257820940017698,1.4257820940017698
2024,2024-2025,Amen Thompson,HOU,SF,69.0,1.96,0.5555449,-1.404455087184906,1.404455087184906
2024,2024-2025,Domantas Sabonis,SAC,C,70.0,2.13,0.7424694,-1.387530629634857,1.387530629634857
2024,2024-2025,Anthony Black,ORL,PG,78.0,1.23,-0.11448486,-1.3444848614931106,1.3444848614931106
2024,2024-2025,De'Andre Hunter,2TM,SF,64.0,2.57,1.3331258,-1.2368741703033446,1.2368741703033446
2024,2024-2025,Dennis Schroder,3TM,PG,75.0,1.36,0.2558933,-1.104106709957123,1.104106709957123
2024,2024-2025,Anfernee Simons,POR,SG,70.0,2.64,1.5473802,-1.092619791030884,1.092619791030884
2024,2024-2025,Trae Young,ATL,PG,76.0,2.22,1.1348683,-1.085131735801697,1.085131735801697
2024,2024-2025,Alperen Sengun,HOU,C,76.0,1.16,0.11475164,-1.0452483630180358,1.0452483630180358
2024,2024-2025,Tyrese Haliburton,IND,PG,73.0,3.19,2.1559322,-1.0340678119659423,1.0340678119659423
2024,2024-2025,Mikal Bridges,NYK,SF,82.0,2.19,1.1969388,-0.9930612468719482,0.9930612468719482
2024,2024-2025,DeMar DeRozan,SAC,SF,77.0,2.81,1.8693898,-0.9406102275848389,0.9406102275848389
2024,2024-2025,Kevin Durant,PHO,PF,62.0,2.65,1.7479495,-0.9020505189895629,0.9020505189895629
2024,2024-2025,Josh Giddey,CHI,PG,70.0,0.92,0.02002189,-0.8999781106412411,0.8999781106412411
2024,2024-2025,Austin Reaves,LAL,SG,73.0,2.27,1.3917899,-0.8782100868225098,0.8782100868225098
2024,2024-2025,Jaren Jackson Jr.,MEM,C,74.0,2.38,1.5162405,-0.8637595224380492,0.8637595224380492
2024,2024-2025,Pascal Siakam,IND,PF,78.0,2.16,1.3306718,-0.8293282127380373,0.8293282127380373
2024,2024-2025,AJ Green,MIL,SG,73.0,1.57,0.7701465,-0.7998535108566285,0.7998535108566285
2024,2024-2025,Deni Avdija,POR,SF,72.0,1.3,0.51136994,-0.7886300563812256,0.7886300563812256
2024,2024-2025,Kyshawn George,WAS,SG,68.0,0.58,-0.10404107,-0.6840410697460174,0.6840410697460174
2024,2024-2025,T.J. McConnell,IND,PG,79.0,0.94,0.26846257,-0.6715374314785003,0.6715374314785003
2024,2024-2025,Brook Lopez,MIL,C,80.0,1.73,1.0593611,-0.6706388998031616,0.6706388998031616
2024,2024-2025,Obi Toppin,IND,PF,79.0,1.73,1.0715913,-0.6584087419509888,0.6584087419509888
2024,2024-2025,Naji Marshall,DAL,SF,69.0,1.22,0.5639479,-0.6560520839691162,0.6560520839691162
2024,2024-2025,Kevin Porter Jr.,2TM,SG,75.0,0.56,-0.091300085,-0.6513000851869584,0.6513000851869584
2024,2024-2025,Isaiah Collier,UTA,PG,71.0,-0.19,-0.81479055,-0.6247905468940735,0.6247905468940735
2024,2024-2025,Jamal Murray,DEN,PG,67.0,2.11,1.4854541,-0.6245459175109862,0.6245459175109862
2024,2024-2025,Bub Carrington,WAS,PG,82.0,0.46,-0.15456752,-0.6145675247907638,0.6145675247907638
2024,2024-2025,Gabe Vincent,LAL,PG,72.0,0.96,0.3579978,-0.6020021951198578,0.6020021951198578
2024,2024-2025,Derrick Jones Jr.,LAC,SF,77.0,1.25,0.6551609,-0.5948390960693359,0.5948390960693359
2024,2024-2025,Gary Trent Jr.,MIL,SG,74.0,1.58,0.98865837,-0.5913416314125062,0.5913416314125062
2024,2024-2025,Jonathan Isaac,ORL,PF,71.0,0.79,0.22096688,-0.5690331244468689,0.5690331244468689
2024,2024-2025,Anthony Edwards,MIN,SG,79.0,2.47,1.9052527,-0.564747304916382,0.564747304916382
2024,2024-2025,Scoot Henderson,POR,PG,66.0,0.35,-0.21397194,-0.5639719426631927,0.5639719426631927
2024,2024-2025,Michael Porter Jr.,DEN,SF,77.0,1.84,1.3076755,-0.5323245191574097,0.5323245191574097
2024,2024-2025,Ronald Holland II,DET,SF,81.0,0.68,0.14897065,-0.5310293513536454,0.5310293513536454
2024,2024-2025,Justin Champagnie,WAS,SF,62.0,1.0,0.5008681,-0.4991319179534912,0.4991319179534912
2024,2024-2025,Jaden McDaniels,MIN,PF,82.0,1.09,0.5974649,-0.4925350809097291,0.4925350809097291
2024,2024-2025,Nikola Jokic,DEN,C,70.0,3.35,2.862742,-0.4872580528259278,0.4872580528259278
2024,2024-2025,Kevon Looney,GSW,C,76.0,0.57,0.10802151,-0.4619784873723983,0.4619784873723983
2024,2024-2025,Onyeka Okongwu,ATL,C,74.0,1.37,0.94013715,-0.4298628520965577,0.4298628520965577
2024,2024-2025,Keldon Johnson,SAS,SF,77.0,1.3,0.87090254,-0.4290974617004395,0.4290974617004395
2024,2024-2025,Bennedict Mathurin,IND,SF,72.0,1.3,0.8826455,-0.4173545122146607,0.4173545122146607
2024,2024-2025,Zach Edey,MEM,C,66.0,0.73,0.31361693,-0.41638306856155394,0.41638306856155394
2024,2024-2025,Kyle Kuzma,2TM,PF,65.0,0.3,-0.09912307,-0.3991230681538582,0.3991230681538582
2024,2024-2025,Davion Mitchell,2TM,PG,74.0,0.4,0.02013306,-0.3798669405281544,0.3798669405281544
2024,2024-2025,Jarace Walker,IND,PF,75.0,0.64,0.28665328,-0.3533467197418213,0.3533467197418213
2024,2024-2025,Derrick White,BOS,SG,76.0,1.82,1.4723979,-0.3476020765304566,0.3476020765304566
2024,2024-2025,Alexandre Sarr,WAS,C,67.0,-0.03,-0.35783058,-0.3278305840492248,0.3278305840492248
2024,2024-2025,Stephon Castle,SAS,SG,81.0,0.12,-0.19810945,-0.3181094479560852,0.3181094479560852
2024,2024-2025,Kris Murray,POR,SF,69.0,0.29,-0.026521014,-0.3165210140496492,0.3165210140496492
2024,2024-2025,Jeremiah Robinson-Earl,NOP,PF,66.0,0.59,0.2755301,-0.31446990013122555,0.31446990013122555
2024,2024-2025,Royce O'Neale,PHO,SF,75.0,1.05,0.7412678,-0.3087321996688843,0.3087321996688843
2024,2024-2025,Payton Pritchard,BOS,PG,80.0,1.8,1.5005199,-0.2994801282882691,0.2994801282882691
2024,2024-2025,Luke Kennard,MEM,SG,65.0,1.02,0.7219135,-0.29808648347854616,0.29808648347854616
2024,2024-2025,Dalano Banton,POR,PG,67.0,0.39,0.098475434,-0.29152456611394884,0.29152456611394884
2024,2024-2025,Keegan Murray,SAC,PF,76.0,1.07,0.79017615,-0.27982384681701666,0.27982384681701666
2024,2024-2025,Isaiah Stewart,DET,C,72.0,0.52,0.24218841,-0.2778115910291672,0.2778115910291672
2024,2024-2025,Malik Monk,SAC,SG,65.0,1.04,0.76619077,-0.273809232711792,0.273809232711792
2024,2024-2025,Naz Reid,MIN,C,80.0,1.27,1.0052102,-0.2647898387908936,0.2647898387908936
2024,2024-2025,Malik Beasley,DET,SG,82.0,1.69,1.4566684,-0.23333162307739252,0.23333162307739252
2024,2024-2025,Grayson Allen,PHO,SG,64.0,1.16,0.9285007,-0.23149928808212272,0.23149928808212272
2024,2024-2025,Mason Plumlee,PHO,C,74.0,0.47,0.26420498,-0.20579502105712888,0.20579502105712888
2024,2024-2025,Kyle Filipowski,UTA,C,72.0,0.52,0.31457973,-0.2054202747344971,0.2054202747344971
2024,2024-2025,Goga Bitadze,ORL,C,70.0,0.63,0.44032374,-0.18967625975608826,0.18967625975608826
2024,2024-2025,Donovan Clingan,POR,C,67.0,0.14,-0.04821406,-0.18821405932307245,0.18821405932307245
2024,2024-2025,De'Aaron Fox,2TM,PG,62.0,1.31,1.1300071,-0.1799928522109986,0.1799928522109986
2024,2024-2025,Caris LeVert,2TM,SG,64.0,1.03,0.85217726,-0.17782273769378665,0.17782273769378665
2024,2024-2025,Nicolas Batum,LAC,PF,78.0,0.65,0.47552928,-0.17447071671485903,0.17447071671485903
2024,2024-2025,Evan Mobley,CLE,PF,71.0,1.48,1.3138574,-0.16614256381988524,0.16614256381988524
2024,2024-2025,Scottie Barnes,TOR,PF,65.0,0.15,-0.0033057327,-0.15330573273822665,0.15330573273822665
2024,2024-2025,Ty Jerome,CLE,SG,70.0,1.26,1.130689,-0.12931097507476808,0.12931097507476808
2024,2024-2025,Julian Strawther,DEN,SG,65.0,0.7,0.5767187,-0.12328131198883052,0.12328131198883052
2024,2024-2025,Peyton Watson,DEN,SF,68.0,0.55,0.43070143,-0.11929856538772587,0.11929856538772587
2024,2024-2025,Javonte Green,2TM,SG,68.0,0.45,0.33935508,-0.11064491868019105,0.11064491868019105
2024,2024-2025,Klay Thompson,DAL,SF,72.0,1.53,1.4215779,-0.10842206954956057,0.10842206954956057
2024,2024-2025,Chris Paul,SAS,PG,82.0,0.57,0.4670238,-0.10297621011734004,0.10297621011734004
2024,2024-2025,Jaylen Brown,BOS,SF,63.0,0.89,0.79783106,-0.09216894149780275,0.09216894149780275
2024,2024-2025,Yves Missi,NOP,C,73.0,0.04,-0.032737546,-0.07273754566907883,0.07273754566907883
2024,2024-2025,Wendell Carter Jr.,ORL,C,68.0,0.29,0.21848303,-0.07151696920394895,0.07151696920394895
2024,2024-2025,Sam Merrill,CLE,SG,71.0,0.85,0.78585404,-0.06414595842361448,0.06414595842361448
2024,2024-2025,Neemias Queta,BOS,C,62.0,0.5,0.44331053,-0.05668947100639343,0.05668947100639343
2024,2024-2025,Stephen Curry,GSW,PG,70.0,2.3,2.2572417,-0.04275827407836896,0.04275827407836896
2024,2024-2025,Jordan Poole,WAS,SG,68.0,1.26,1.2176427,-0.042357335090637216,0.042357335090637216
2024,2024-2025,Jake LaRavia,2TM,PF,66.0,0.25,0.21554348,-0.0344565212726593,0.0344565212726593
2024,2024-2025,Brandon Clarke,MEM,PF,64.0,0.63,0.6092339,-0.020766084194183354,0.020766084194183354
2024,2024-2025,Dalen Terry,CHI,SG,73.0,0.1,0.087594666,-0.01240533441305161,0.01240533441305161
2024,2024-2025,Dalton Knecht,LAL,SF,78.0,0.73,0.7189357,-0.011064271926879865,0.011064271926879865
2024,2024-2025,Draymond Green,GSW,PF,68.0,-0.41,-0.41611972,-0.006119724512100244,0.006119724512100244
2024,2024-2025,Jalen Smith,CHI,C,64.0,0.87,0.864378,-0.005622024536132808,0.005622024536132808
2024,2024-2025,Cason Wallace,OKC,SG,68.0,0.46,0.45503822,-0.004961780309677144,0.004961780309677144
2024,2024-2025,Jayson Tatum,BOS,PF,72.0,2.27,2.2719135,0.0019135284423827947,0.0019135284423827947
2024,2024-2025,Cole Anthony,ORL,PG,67.0,0.23,0.24287547,0.012875471711158742,0.012875471711158742
2024,2024-2025,Karl-Anthony Towns,NYK,C,72.0,1.45,1.482148,0.0321480512619019,0.0321480512619019
2024,2024-2025,Jalen Duren,DET,C,78.0,0.84,0.87507075,0.03507075071334842,0.03507075071334842
2024,2024-2025,Simone Fontecchio,DET,SF,75.0,0.33,0.36622617,0.0362261664867401,0.0362261664867401
2024,2024-2025,Tim Hardaway Jr.,DET,SG,77.0,0.81,0.85607755,0.04607755184173579,0.04607755184173579
2024,2024-2025,Jalen Wilson,BRK,PF,79.0,0.43,0.48295763,0.052957631349563605,0.052957631349563605
2024,2024-2025,Haywood Highsmith,MIA,SF,74.0,0.34,0.39554724,0.055547240972518896,0.055547240972518896
2024,2024-2025,Julian Phillips,CHI,SF,79.0,0.35,0.4064946,0.05649458765983584,0.05649458765983584
2024,2024-2025,Zaccharie Risacher,ATL,SF,75.0,0.43,0.4982088,0.06820879101753236,0.06820879101753236
2024,2024-2025,Harrison Barnes,SAS,PF,82.0,1.25,1.3255154,0.07551538944244385,0.07551538944244385
2024,2024-2025,Kel'el Ware,MIA,C,64.0,0.37,0.45126766,0.08126765966415406,0.08126765966415406
2024,2024-2025,Devin Vassell,SAS,SG,64.0,0.74,0.8220965,0.08209652662277223,0.08209652662277223
2024,2024-2025,Ryan Dunn,PHO,SF,74.0,0.17,0.2541963,0.08419628620147704,0.08419628620147704
2024,2024-2025,Jaime Jaquez Jr.,MIA,SF,66.0,-0.03,0.05593245,0.08593245103955269,0.08593245103955269
2024,2024-2025,Donte DiVincenzo,MIN,SG,62.0,0.55,0.6446885,0.09468848705291744,0.09468848705291744
2024,2024-2025,Quentin Grimes,2TM,SG,75.0,0.85,0.945817,0.09581699371337893,0.09581699371337893
2024,2024-2025,Jonathan Mogbo,TOR,PF,63.0,-0.28,-0.18338463,0.09661537289619448,0.09661537289619448
2024,2024-2025,Moses Moody,GSW,SG,74.0,0.64,0.73841614,0.0984161353111267,0.0984161353111267
2024,2024-2025,Aaron Wiggins,OKC,SG,76.0,0.96,1.0597671,0.09976712703704838,0.09976712703704838
2024,2024-2025,Nic Claxton,BRK,C,70.0,0.21,0.3269404,0.1169403874874115,0.1169403874874115
2024,2024-2025,Julius Randle,MIN,PF,69.0,0.58,0.7088928,0.12889282226562504,0.12889282226562504
2024,2024-2025,Guerschon Yabusele,PHI,C,70.0,0.4,0.5405157,0.14051572084426878,0.14051572084426878
2024,2024-2025,Buddy Hield,GSW,SG,82.0,0.84,0.99466544,0.15466544389724735,0.15466544389724735
2024,2024-2025,Andre Jackson Jr.,MIL,SG,67.0,-0.08,0.07482388,0.15482387870550157,0.15482387870550157
2024,2024-2025,Amir Coffey,LAC,SG,72.0,0.69,0.85211754,0.1621175384521485,0.1621175384521485
2024,2024-2025,Aaron Holiday,HOU,PG,62.0,0.38,0.5480674,0.16806739091873169,0.16806739091873169
2024,2024-2025,Christian Braun,DEN,SG,79.0,0.85,1.027453,0.17745294570922854,0.17745294570922854
2024,2024-2025,Ivica Zubac,LAC,C,80.0,0.96,1.1393294,0.17932943344116214,0.17932943344116214
2024,2024-2025,Trayce Jackson-Davis,GSW,C,62.0,0.31,0.4908614,0.18086138606071472,0.18086138606071472
2024,2024-2025,Russell Westbrook,DEN,PG,75.0,-0.58,-0.39557567,0.18442432761192318,0.18442432761192318
2024,2024-2025,Ben Sheppard,IND,SG,63.0,0.31,0.49578902,0.18578902125358582,0.18578902125358582
2024,2024-2025,Trey Lyles,SAC,PF,69.0,0.15,0.36515737,0.2151573657989502,0.2151573657989502
2024,2024-2025,Toumani Camara,POR,PF,78.0,0.11,0.33466202,0.22466202020645143,0.22466202020645143
2024,2024-2025,Santi Aldama,MEM,PF,65.0,0.48,0.7317641,0.2517640781402588,0.2517640781402588
2024,2024-2025,Thomas Bryant,2TM,C,66.0,0.36,0.61962754,0.2596275353431702,0.2596275353431702
2024,2024-2025,Jalen Williams,OKC,SG,69.0,1.05,1.3146851,0.2646851062774658,0.2646851062774658
2024,2024-2025,Bam Adebayo,MIA,C,78.0,0.3,0.5725006,0.2725005865097046,0.2725005865097046
2024,2024-2025,Gary Payton II,GSW,SG,62.0,0.2,0.4816733,0.28167330026626586,0.28167330026626586
2024,2024-2025,Kentavious Caldwell-Pope,ORL,SG,77.0,0.34,0.62168926,0.2816892600059509,0.2816892600059509
2024,2024-2025,Kenrich Williams,OKC,PF,69.0,0.19,0.47357133,0.2835713303089142,0.2835713303089142
2024,2024-2025,Andrew Nembhard,IND,SG,65.0,-0.29,-0.00095433835,0.28904566165059803,0.28904566165059803
2024,2024-2025,Donovan Mitchell,CLE,SG,71.0,1.62,1.9092709,0.28927088260650624,0.28927088260650624
2024,2024-2025,Collin Sexton,UTA,SG,63.0,0.71,1.000617,0.2906170272827149,0.2906170272827149
2024,2024-2025,Julian Champagnie,SAS,SF,82.0,0.57,0.8627935,0.292793505191803,0.292793505191803
2024,2024-2025,Luke Kornet,BOS,C,73.0,0.57,0.867682,0.2976819801330567,0.2976819801330567
2024,2024-2025,Jay Huff,MEM,C,64.0,0.52,0.8262478,0.30624781131744383,0.30624781131744383
2024,2024-2025,Zach Collins,2TM,PF,64.0,0.01,0.31793666,0.3079366588592529,0.3079366588592529
2024,2024-2025,Dyson Daniels,ATL,SG,76.0,-0.31,0.00060835585,0.3106083558546379,0.3106083558546379
2024,2024-2025,Ochai Agbaji,TOR,SG,64.0,0.29,0.6142827,0.32428272724151613,0.32428272724151613
2024,2024-2025,Ricky Council IV,PHI,SF,73.0,-0.15,0.19892342,0.34892342388629916,0.34892342388629916
2024,2024-2025,Cade Cunningham,DET,PG,70.0,0.14,0.49400046,0.35400046467781066,0.35400046467781066
2024,2024-2025,James Harden,LAC,PG,79.0,0.92,1.2819492,0.3619491624832153,0.3619491624832153
2024,2024-2025,Scotty Pippen Jr.,MEM,PG,79.0,-0.13,0.24529803,0.37529802799224854,0.37529802799224854
2024,2024-2025,Jrue Holiday,BOS,PG,62.0,0.28,0.65542024,0.37542024374008176,0.37542024374008176
2024,2024-2025,Shaedon Sharpe,POR,SG,72.0,0.46,0.83690435,0.3769043469429016,0.3769043469429016
2024,2024-2025,Sam Hauser,BOS,PF,71.0,0.61,0.9902174,0.380217387676239,0.380217387676239
2024,2024-2025,Tristan Da Silva,ORL,SF,74.0,-0.12,0.2620415,0.38204150915145874,0.38204150915145874
2024,2024-2025,Jamal Shead,TOR,PG,75.0,-0.78,-0.384984,0.3950160133838654,0.3950160133838654
2024,2024-2025,Max Christie,2TM,SG,78.0,0.13,0.54234976,0.41234975576400756,0.41234975576400756
2024,2024-2025,Georges Niang,2TM,PF,79.0,0.38,0.8139308,0.43393080949783325,0.43393080949783325
2024,2024-2025,Jarrett Allen,CLE,C,82.0,1.03,1.4677762,0.43777617931365964,0.43777617931365964
2024,2024-2025,Miles McBride,NYK,SG,64.0,0.12,0.56341267,0.4434126663208008,0.4434126663208008
2024,2024-2025,Keon Ellis,SAC,SG,80.0,0.34,0.7840184,0.44401839733123777,0.44401839733123777
2024,2024-2025,Taurean Prince,MIL,SF,80.0,0.16,0.6064861,0.44648608207702634,0.44648608207702634
2024,2024-2025,Terance Mann,2TM,SG,67.0,0.02,0.47392213,0.45392213344573973,0.45392213344573973
2024,2024-2025,Matas Buzelis,CHI,SF,80.0,0.03,0.4876477,0.45764771223068235,0.45764771223068235
2024,2024-2025,Spencer Dinwiddie,DAL,PG,79.0,0.08,0.5427444,0.4627443981170654,0.4627443981170654
2024,2024-2025,Patrick Williams,CHI,PF,63.0,-0.41,0.062211353,0.47221135333180425,0.47221135333180425
2024,2024-2025,Tobias Harris,DET,PF,73.0,0.36,0.8330682,0.4730681920051575,0.4730681920051575
2024,2024-2025,Rudy Gobert,MIN,C,72.0,0.44,0.91406816,0.47406816244125366,0.47406816244125366
2024,2024-2025,OG Anunoby,NYK,PF,74.0,0.64,1.1172702,0.47727023124694823,0.47727023124694823
2024,2024-2025,Johnny Juzang,UTA,SG,64.0,0.22,0.6990939,0.4790938782691956,0.4790938782691956
2024,2024-2025,Brice Sensabaugh,UTA,SF,71.0,0.34,0.82377976,0.4837797617912292,0.4837797617912292
2024,2024-2025,Cameron Payne,NYK,PG,72.0,0.07,0.561401,0.49140100955963134,0.49140100955963134
2024,2024-2025,Seth Curry,CHO,SG,68.0,0.04,0.53193074,0.49193074464797976,0.49193074464797976
2024,2024-2025,Luguentz Dort,OKC,SF,71.0,0.26,0.7622599,0.5022599005699158,0.5022599005699158
2024,2024-2025,Jaylen Wells,MEM,SG,79.0,0.04,0.5765583,0.5365582919120788,0.5365582919120788
2024,2024-2025,Dorian Finney-Smith,2TM,PF,63.0,-0.07,0.48917127,0.5591712665557862,0.5591712665557862
2024,2024-2025,Jalen Green,HOU,SG,82.0,0.39,0.9577309,0.5677308893203735,0.5677308893203735
2024,2024-2025,Moussa Diabate,CHO,C,71.0,-0.33,0.25103518,0.5810351836681367,0.5810351836681367
2024,2024-2025,Duncan Robinson,MIA,SF,74.0,0.46,1.0516382,0.5916382455825806,0.5916382455825806
2024,2024-2025,Terry Rozier,MIA,PG,64.0,-0.26,0.3383346,0.5983345901966095,0.5983345901966095
2024,2024-2025,Myles Turner,IND,C,72.0,0.33,0.95396924,0.6239692401885986,0.6239692401885986
2024,2024-2025,Josh Hart,NYK,SG,77.0,0.08,0.71882254,0.6388225388526917,0.6388225388526917
2024,2024-2025,Kevin Huerter,2TM,SG,69.0,-0.18,0.49104115,0.6710411536693572,0.6710411536693572
2024,2024-2025,Keon Johnson,BRK,SG,79.0,-0.77,-0.09420716,0.6757928398251534,0.6757928398251534
2024,2024-2025,Brandin Podziemski,GSW,SG,64.0,-0.08,0.63050497,0.7105049657821655,0.7105049657821655
2024,2024-2025,Josh Green,CHO,SG,68.0,-0.49,0.22341913,0.7134191298484802,0.7134191298484802
2024,2024-2025,Nikola Vucevic,CHI,C,73.0,0.3,1.018326,0.7183260440826416,0.7183260440826416
2024,2024-2025,Ziaire Williams,BRK,SF,63.0,-0.16,0.5770578,0.7370577788352967,0.7370577788352967
2024,2024-2025,Tyler Herro,MIA,SG,77.0,1.04,1.8214005,0.78140052318573,0.78140052318573
2024,2024-2025,Dillon Brooks,HOU,SF,75.0,0.18,0.96479166,0.7847916555404664,0.7847916555404664
2024,2024-2025,Kris Dunn,LAC,PG,74.0,-0.69,0.10213608,0.7921360829472541,0.7921360829472541
2024,2024-2025,Jonas Valanciunas,2TM,C,81.0,-0.04,0.79223067,0.8322306656837464,0.8322306656837464
2024,2024-2025,Isaiah Joe,OKC,SG,74.0,0.31,1.1629275,0.852927508354187,0.852927508354187
2024,2024-2025,Mike Conley,MIN,PG,71.0,-0.34,0.52775824,0.8677582406997681,0.8677582406997681
2024,2024-2025,Shai Gilgeous-Alexander,OKC,PG,76.0,2.15,3.0655732,0.9155732154846192,0.9155732154846192
2024,2024-2025,Keyonte George,UTA,PG,67.0,-0.76,0.16251138,0.9225113785266876,0.9225113785266876
2024,2024-2025,Tyus Jones,PHO,PG,81.0,-0.08,0.9117162,0.9917162227630615,0.9917162227630615
2024,2024-2025,Devin Booker,PHO,SG,75.0,0.77,1.8197606,1.0497605609893799,1.0497605609893799
2024,2024-2025,Desmond Bane,MEM,SG,69.0,0.12,1.1963656,1.0763655948638915,1.0763655948638915
2024,2024-2025,Zach LaVine,2TM,SG,74.0,0.33,1.4749178,1.1449177694320678,1.1449177694320678
2024,2024-2025,Giannis Antetokounmpo,MIL,PF,67.0,1.25,2.4009495,1.150949478149414,1.150949478149414
2025,2025-2026,Desmond Bane,ORL,SG,82.0,3.53,1.3145365,-2.215463547706604,2.215463547706604
2025,2025-2026,Nikola Vucevic,2TM,C,64.0,2.48,0.84859854,-1.6314014601707458,1.6314014601707458
2025,2025-2026,Deni Avdija,POR,SF,66.0,2.38,0.76104593,-1.6189540672302245,1.6189540672302245
2025,2025-2026,Wendell Carter Jr.,ORL,C,78.0,2.03,0.61954606,-1.4104539442062376,1.4104539442062376
2025,2025-2026,Shai Gilgeous-Alexander,OKC,PG,68.0,4.9,3.5365958,-1.3634041786193851,1.3634041786193851
2025,2025-2026,Amen Thompson,HOU,PG,79.0,2.14,0.778177,-1.3618229770660402,1.3618229770660402
2025,2025-2026,VJ Edgecombe,PHI,SG,75.0,1.6,0.31729063,-1.2827093660831452,1.2827093660831452
2025,2025-2026,Saddiq Bey,NOP,SF,72.0,2.52,1.2379689,-1.282031078338623,1.282031078338623
2025,2025-2026,Tim Hardaway Jr.,DEN,SG,80.0,2.87,1.6720039,-1.1979961347579957,1.1979961347579957
2025,2025-2026,DeMar DeRozan,SAC,PF,77.0,2.77,1.6542579,-1.1157421064376831,1.1157421064376831
2025,2025-2026,Chet Holmgren,OKC,PF,69.0,2.36,1.2611682,-1.0988317584991454,1.0988317584991454
2025,2025-2026,Andrew Wiggins,MIA,SF,68.0,1.89,0.88626605,-1.003733947277069,1.003733947277069
2025,2025-2026,Scottie Barnes,TOR,PF,80.0,1.36,0.36902848,-0.990971521139145,0.990971521139145
2025,2025-2026,Derrick White,BOS,SG,77.0,1.73,0.80611676,-0.9238832402229309,0.9238832402229309
2025,2025-2026,Bruce Brown,DEN,SG,82.0,1.05,0.13649355,-0.9135064512491227,0.9135064512491227
2025,2025-2026,Brandin Podziemski,GSW,SG,82.0,1.75,0.8372904,-0.9127095937728882,0.9127095937728882
2025,2025-2026,Khris Middleton,2TM,SF,63.0,0.93,0.028411154,-0.901588846296072,0.901588846296072
2025,2025-2026,Bobby Portis,MIL,PF,67.0,1.95,1.0725354,-0.8774646043777465,0.8774646043777465
2025,2025-2026,Miles Bridges,CHO,PF,77.0,2.12,1.2597545,-0.8602454614639283,0.8602454614639283
2025,2025-2026,Jordan Goodwin,PHO,PG,70.0,1.16,0.3094962,-0.8505038058757781,0.8505038058757781
2025,2025-2026,Max Christie,DAL,SG,77.0,1.83,0.98051864,-0.8494813609123231,0.8494813609123231
2025,2025-2026,Quentin Grimes,PHI,SG,75.0,1.67,0.8359764,-0.8340235781669616,0.8340235781669616
2025,2025-2026,Jaime Jaquez Jr.,MIA,SF,75.0,1.18,0.34754103,-0.8324589657783508,0.8324589657783508
2025,2025-2026,Anthony Black,ORL,PG,64.0,1.29,0.48528278,-0.8047172212600708,0.8047172212600708
2025,2025-2026,Zion Williamson,NOP,PF,62.0,1.93,1.1976004,-0.7323996353149413,0.7323996353149413
2025,2025-2026,Donovan Mitchell,CLE,SG,70.0,2.94,2.2198064,-0.7201935672760009,0.7201935672760009
2025,2025-2026,Alperen Sengun,HOU,C,72.0,0.88,0.16534977,-0.7146502333879471,0.7146502333879471
2025,2025-2026,Tre Jones,CHI,PG,65.0,1.66,0.95818365,-0.7018163537979125,0.7018163537979125
2025,2025-2026,Naz Reid,MIN,C,77.0,1.38,0.6847856,-0.6952143955230712,0.6952143955230712
2025,2025-2026,Immanuel Quickley,TOR,PG,70.0,1.92,1.2387407,-0.6812593173980712,0.6812593173980712
2025,2025-2026,Marcus Smart,LAL,SG,62.0,0.87,0.1904371,-0.6795629066228867,0.6795629066228867
2025,2025-2026,Victor Wembanyama,SAS,C,64.0,2.84,2.2109635,-0.6290365123748778,0.6290365123748778
2025,2025-2026,Dennis Schroder,2TM,PG,70.0,0.74,0.12830585,-0.6116941475868225,0.6116941475868225
2025,2025-2026,Devin Vassell,SAS,SG,67.0,1.53,0.9638424,-0.5661576080322266,0.5661576080322266
2025,2025-2026,Jamal Shead,TOR,PG,82.0,0.1,-0.44470045,-0.5447004497051239,0.5447004497051239
2025,2025-2026,Rui Hachimura,LAL,PF,68.0,1.37,0.8396019,-0.5303981256484986,0.5303981256484986
2025,2025-2026,Jamal Murray,DEN,PG,75.0,2.75,2.2249217,-0.525078296661377,0.525078296661377
2025,2025-2026,Nikola Jokic,DEN,C,65.0,2.97,2.446142,-0.5238580417633059,0.5238580417633059
2025,2025-2026,Ryan Rollins,MIL,PG,74.0,1.14,0.6298487,-0.5101512813568114,0.5101512813568114
2025,2025-2026,Bub Carrington,WAS,PG,82.0,0.55,0.06647498,-0.4835250183939934,0.4835250183939934
2025,2025-2026,Kyle Kuzma,MIL,PF,69.0,0.97,0.5035491,-0.4664509010314941,0.4664509010314941
2025,2025-2026,Jabari Smith Jr.,HOU,PF,77.0,1.21,0.75953436,-0.4504656410217285,0.4504656410217285
2025,2025-2026,Jalen Johnson,ATL,SF,72.0,1.11,0.6695401,-0.4404598927497865,0.4404598927497865
2025,2025-2026,James Harden,2TM,PG,70.0,2.02,1.5932698,-0.42673017501831056,0.42673017501831056
2025,2025-2026,Ayo Dosunmu,2TM,SG,69.0,1.57,1.1634774,-0.4065225791931153,0.4065225791931153
2025,2025-2026,Karl-Anthony Towns,NYK,C,75.0,1.62,1.2166784,-0.4033216190338136,0.4033216190338136
2025,2025-2026,Tobias Harris,DET,PF,63.0,1.09,0.6882036,-0.40179642677307137,0.40179642677307137
2025,2025-2026,Kevin Huerter,2TM,SF,69.0,0.88,0.4810245,-0.39897549629211426,0.39897549629211426
2025,2025-2026,Evan Mobley,CLE,PF,65.0,1.44,1.057346,-0.382654013633728,0.382654013633728
2025,2025-2026,Moussa Diabate,CHO,C,73.0,0.63,0.25940964,-0.370590363740921,0.370590363740921
2025,2025-2026,Ronald Holland II,DET,SF,78.0,0.46,0.1036135,-0.35638649672269823,0.35638649672269823
2025,2025-2026,Pascal Siakam,IND,PF,62.0,1.56,1.2092996,-0.3507004356384278,0.3507004356384278
2025,2025-2026,Daniss Jenkins,DET,PG,72.0,0.37,0.04004407,-0.32995593070983886,0.32995593070983886
2025,2025-2026,Cam Spencer,MEM,SG,72.0,1.32,1.0104831,-0.3095168542861939,0.3095168542861939
2025,2025-2026,Brice Sensabaugh,UTA,SF,75.0,1.41,1.107859,-0.3021409845352172,0.3021409845352172
2025,2025-2026,Jericho Sims,MIL,C,67.0,0.56,0.28750798,-0.27249201893806463,0.27249201893806463
2025,2025-2026,Maxime Raynaud,SAC,C,74.0,0.81,0.5413953,-0.2686046934127808,0.2686046934127808
2025,2025-2026,Gui Santos,GSW,PF,68.0,0.62,0.3603261,-0.2596738886833191,0.2596738886833191
2025,2025-2026,Andre Drummond,PHI,C,63.0,0.18,-0.075142644,-0.25514264434576034,0.25514264434576034
2025,2025-2026,Cade Cunningham,DET,PG,64.0,0.82,0.5655334,-0.25446660041809077,0.25446660041809077
2025,2025-2026,Luke Kennard,2TM,SG,78.0,1.19,0.9383896,-0.25161040067672724,0.25161040067672724
2025,2025-2026,Cooper Flagg,DAL,SF,70.0,0.58,0.36271405,-0.21728594779968258,0.21728594779968258
2025,2025-2026,Hugo Gonzalez,BOS,SF,74.0,0.35,0.14299865,-0.2070013493299484,0.2070013493299484
2025,2025-2026,Myles Turner,MIL,C,71.0,1.07,0.8675266,-0.20247340917587286,0.20247340917587286
2025,2025-2026,Will Riley,WAS,SF,74.0,0.49,0.2932752,-0.19672479271888732,0.19672479271888732
2025,2025-2026,Oso Ighodaro,PHO,PF,82.0,0.38,0.19197038,-0.18802962183952332,0.18802962183952332
2025,2025-2026,Naji Marshall,DAL,SF,74.0,1.01,0.82285494,-0.18714506387710572,0.18714506387710572
2025,2025-2026,Klay Thompson,DAL,SF,69.0,1.05,0.87413627,-0.17586373090744023,0.17586373090744023
2025,2025-2026,Ryan Dunn,PHO,SF,70.0,0.29,0.11886298,-0.17113702088594435,0.17113702088594435
2025,2025-2026,Keldon Johnson,SAS,SF,82.0,1.28,1.1129016,-0.16709843158721926,0.16709843158721926
2025,2025-2026,Pelle Larsson,MIA,SG,70.0,0.57,0.40925336,-0.16074664115905757,0.16074664115905757
2025,2025-2026,Gary Payton II,GSW,SG,73.0,0.67,0.50952256,-0.16047744274139408,0.16047744274139408
2025,2025-2026,Tristan Da Silva,ORL,SF,77.0,0.81,0.66434544,-0.14565455675125127,0.14565455675125127
2025,2025-2026,Josh Hart,NYK,SF,66.0,0.57,0.42477706,-0.14522293925285334,0.14522293925285334
2025,2025-2026,Kevin Durant,HOU,SF,78.0,1.99,1.8477787,-0.14222132205963134,0.14222132205963134
2025,2025-2026,OG Anunoby,NYK,PF,67.0,1.2,1.0588312,-0.1411687850952148,0.1411687850952148
2025,2025-2026,Collin Gillespie,PHO,PG,80.0,1.21,1.0717446,-0.13825543880462643,0.13825543880462643
2025,2025-2026,Deandre Ayton,LAL,C,72.0,1.03,0.8932341,-0.13676592588424685,0.13676592588424685
2025,2025-2026,Stephon Castle,SAS,PG,68.0,0.19,0.056924798,-0.13307520240545273,0.13307520240545273
2025,2025-2026,Rudy Gobert,MIN,C,76.0,0.72,0.5913921,-0.12860790014266965,0.12860790014266965
2025,2025-2026,Matas Buzelis,CHI,PF,77.0,0.92,0.80799425,-0.11200575351715092,0.11200575351715092
2025,2025-2026,Jordan Walsh,BOS,PF,68.0,0.54,0.43274847,-0.10725153326988224,0.10725153326988224
2025,2025-2026,Patrick Williams,CHI,PF,72.0,0.05,-0.056078065,-0.10607806518673897,0.10607806518673897
2025,2025-2026,Jaylon Tyson,CLE,SG,66.0,0.7,0.59873706,-0.1012629389762878,0.1012629389762878
2025,2025-2026,Dylan Harper,SAS,SG,69.0,0.4,0.29950756,-0.10049244165420534,0.10049244165420534
2025,2025-2026,Jock Landale,2TM,C,68.0,0.68,0.58665395,-0.09334605216979985,0.09334605216979985
2025,2025-2026,Dyson Daniels,ATL,SG,76.0,-0.02,-0.10987751,-0.08987751185894012,0.08987751185894012
2025,2025-2026,Jarred Vanderbilt,LAL,PF,65.0,0.08,-0.004391511,-0.08439151097089052,0.08439151097089052
2025,2025-2026,Rayan Rupert,2TM,SG,64.0,0.03,-0.04483935,-0.07483934864401817,0.07483934864401817
2025,2025-2026,Kel'el Ware,MIA,C,77.0,0.93,0.86061865,-0.06938134908676152,0.06938134908676152
2025,2025-2026,Adem Bona,PHI,C,71.0,0.31,0.24306706,-0.06693294405937195,0.06693294405937195
2025,2025-2026,Dru Smith,MIA,SG,70.0,0.13,0.06332348,-0.0666765171289444,0.0666765171289444
2025,2025-2026,Carter Bryant,SAS,PF,71.0,0.25,0.18493466,-0.06506533920764923,0.06506533920764923
2025,2025-2026,Nique Clifford,SAC,SG,75.0,-0.28,-0.32937124,-0.04937124371528623,0.04937124371528623
2025,2025-2026,Tyus Jones,3TM,PG,67.0,0.04,-0.0056923013,-0.04569230131804943,0.04569230131804943
2025,2025-2026,Kon Knueppel,CHO,SF,81.0,1.16,1.1158218,-0.04417816162109367,0.04417816162109367
2025,2025-2026,LaMelo Ball,CHO,PG,72.0,1.02,0.9775061,-0.04249389886856081,0.04249389886856081
2025,2025-2026,Walter Clayton Jr.,2TM,PG,69.0,-0.18,-0.22086222,-0.04086222469806672,0.04086222469806672
2025,2025-2026,Will Richard,GSW,SG,69.0,0.37,0.3362073,-0.03379269957542419,0.03379269957542419
2025,2025-2026,Sidy Cissoko,POR,SF,75.0,0.01,-0.013656322,-0.023656321913003923,0.023656321913003923
2025,2025-2026,Spencer Jones,DEN,SF,64.0,0.41,0.39297312,-0.017026875019073462,0.017026875019073462
2025,2025-2026,Rob Dillingham,2TM,PG,65.0,-0.27,-0.28483593,-0.014835934638977033,0.014835934638977033
2025,2025-2026,Bones Hyland,MIN,PG,71.0,0.69,0.6817914,-0.008208575248718208,0.008208575248718208
2025,2025-2026,Craig Porter Jr.,CLE,PG,64.0,-0.07,-0.061766196,0.008233803957700736,0.008233803957700736
2025,2025-2026,John Collins,LAC,PF,69.0,0.71,0.7224662,0.012466170787811315,0.012466170787811315
2025,2025-2026,Ace Bailey,UTA,SF,72.0,0.26,0.2771322,0.01713221311569213,0.01713221311569213
2025,2025-2026,Jose Alvarado,2TM,PG,69.0,0.18,0.20299986,0.022999860048294074,0.022999860048294074
2025,2025-2026,Jordan Clarkson,NYK,SG,72.0,0.51,0.5367946,0.026794602870941153,0.026794602870941153
2025,2025-2026,Precious Achiuwa,SAC,C,73.0,0.44,0.46741453,0.027414528131484983,0.027414528131484983
2025,2025-2026,Isaac Okoro,CHI,SG,63.0,0.34,0.3988753,0.05887529611587522,0.05887529611587522
2025,2025-2026,Onyeka Okongwu,ATL,C,74.0,0.87,0.9492918,0.07929182529449463,0.07929182529449463
2025,2025-2026,Brandon Williams,DAL,PG,66.0,0.18,0.26117116,0.08117116212844849,0.08117116212844849
2025,2025-2026,CJ McCollum,2TM,PG,76.0,1.14,1.2287544,0.08875440120697031,0.08875440120697031
2025,2025-2026,Jonas Valanciunas,DEN,C,65.0,0.58,0.6762659,0.09626589536666874,0.09626589536666874
2025,2025-2026,Ryan Kalkbrenner,CHO,C,69.0,0.35,0.44860157,0.09860157370567324,0.09860157370567324
2025,2025-2026,Baylor Scheierman,BOS,SG,77.0,0.5,0.6036907,0.10369068384170532,0.10369068384170532
2025,2025-2026,Karlo Matkovic,NOP,PF,62.0,0.4,0.50842583,0.10842583179473875,0.10842583179473875
2025,2025-2026,Drake Powell,BRK,SG,63.0,-0.06,0.052756935,0.11275693535804748,0.11275693535804748
2025,2025-2026,Dwight Powell,DAL,C,63.0,0.19,0.30297092,0.11297091603279114,0.11297091603279114
2025,2025-2026,Mouhamed Gueye,ATL,PF,77.0,0.22,0.34269205,0.1226920473575592,0.1226920473575592
2025,2025-2026,Tyler Kolek,NYK,PG,62.0,-0.11,0.013359401,0.12335940137505531,0.12335940137505531
2025,2025-2026,Brook Lopez,LAC,C,75.0,0.52,0.65491134,0.13491133928298948,0.13491133928298948
2025,2025-2026,Jaylin Williams,OKC,PF,65.0,0.28,0.4153898,0.13538980603218076,0.13538980603218076
2025,2025-2026,Cason Wallace,OKC,SG,77.0,0.28,0.41585532,0.13585531830787656,0.13585531830787656
2025,2025-2026,De'Aaron Fox,SAS,PG,72.0,0.83,0.97060317,0.1406031680107117,0.1406031680107117
2025,2025-2026,Dominick Barlow,PHI,PF,71.0,0.28,0.42144126,0.14144125699996946,0.14144125699996946
2025,2025-2026,Gradey Dick,TOR,SG,76.0,0.31,0.45556325,0.1455632472038269,0.1455632472038269
2025,2025-2026,Kyle Filipowski,UTA,C,77.0,0.28,0.44063687,0.16063687324523923,0.16063687324523923
2025,2025-2026,Nickeil Alexander-Walker,ATL,SG,78.0,1.62,1.7843776,0.1643775749206542,0.1643775749206542
2025,2025-2026,Ausar Thompson,DET,SF,73.0,-0.12,0.048289075,0.16828907549381256,0.16828907549381256
2025,2025-2026,Donte DiVincenzo,MIN,SG,82.0,0.63,0.7993161,0.16931610822677612,0.16931610822677612
2025,2025-2026,Russell Westbrook,SAC,SF,64.0,-0.59,-0.41608658,0.17391341567039487,0.17391341567039487
2025,2025-2026,Simone Fontecchio,MIA,SF,70.0,0.67,0.8449426,0.17494262933731075,0.17494262933731075
2025,2025-2026,Jaylen Clark,MIN,SG,68.0,0.15,0.32525814,0.17525813579559327,0.17525813579559327
2025,2025-2026,Goga Bitadze,ORL,C,64.0,0.48,0.65985703,0.17985703468322756,0.17985703468322756
2025,2025-2026,Jake LaRavia,LAL,PF,82.0,0.11,0.29690236,0.18690235853195192,0.18690235853195192
2025,2025-2026,Josh Okogie,HOU,SG,78.0,0.06,0.25015578,0.19015577673912049,0.19015577673912049
2025,2025-2026,Clint Capela,HOU,C,75.0,-0.04,0.1548937,0.194893696308136,0.194893696308136
2025,2025-2026,Nic Claxton,BRK,C,69.0,0.32,0.52086455,0.2008645462989807,0.2008645462989807
2025,2025-2026,Nae'Qwan Tomlin,CLE,PF,64.0,0.15,0.3592655,0.2092655062675476,0.2092655062675476
2025,2025-2026,Mohamed Diawara,NYK,SF,69.0,0.01,0.24563697,0.23563696980476379,0.23563696980476379
2025,2025-2026,Luka Garza,BOS,C,69.0,0.78,1.0287435,0.24874350547790525,0.24874350547790525
2025,2025-2026,Kris Dunn,LAC,PG,82.0,-0.25,0.00012447822,0.25012447821791284,0.25012447821791284
2025,2025-2026,Zaccharie Risacher,ATL,SF,67.0,0.27,0.5211984,0.25119839191436766,0.25119839191436766
2025,2025-2026,Derik Queen,NOP,C,81.0,-0.72,-0.4602633,0.2597366881370544,0.2597366881370544
2025,2025-2026,Paul Reed,DET,C,65.0,0.42,0.6826421,0.26264210224151613,0.26264210224151613
2025,2025-2026,Vit Krejci,2TM,PG,65.0,0.38,0.6435,0.2634999704360962,0.2634999704360962
2025,2025-2026,Guerschon Yabusele,2TM,C,67.0,0.06,0.33336064,0.2733606421947479,0.2733606421947479
2025,2025-2026,Noah Clowney,BRK,PF,66.0,0.22,0.4944491,0.27444910883903506,0.27444910883903506
2025,2025-2026,Kobe Sanders,LAC,SG,68.0,0.03,0.30705386,0.27705386400222776,0.27705386400222776
2025,2025-2026,Aaron Wiggins,OKC,SG,65.0,0.07,0.34947735,0.2794773507118225,0.2794773507118225
2025,2025-2026,Royce O'Neale,PHO,SF,78.0,0.5,0.7831344,0.283134400844574,0.283134400844574
2025,2025-2026,Cody Williams,UTA,SG,67.0,-0.18,0.105375685,0.2853756847977638,0.2853756847977638
2025,2025-2026,Jarace Walker,IND,PF,76.0,0.01,0.31654856,0.30654855608940124,0.30654855608940124
2025,2025-2026,Draymond Green,GSW,PF,68.0,-0.52,-0.20956725,0.3104327511787415,0.3104327511787415
2025,2025-2026,Justin Edwards,PHI,SF,64.0,0.17,0.48251545,0.3125154542922973,0.3125154542922973
2025,2025-2026,Keon Ellis,2TM,SG,72.0,0.18,0.49514455,0.3151445460319519,0.3151445460319519
2025,2025-2026,Harrison Barnes,SAS,PF,77.0,0.67,0.98939997,0.31939996957778927,0.31939996957778927
2025,2025-2026,Sion James,CHO,SG,82.0,-0.29,0.031728484,0.321728483736515,0.321728483736515
2025,2025-2026,Ja'Kobe Walter,TOR,SG,72.0,0.33,0.6542881,0.324288113117218,0.324288113117218
2025,2025-2026,Jaxson Hayes,LAL,C,66.0,0.45,0.7755477,0.32554768323898314,0.32554768323898314
2025,2025-2026,Reed Sheppard,HOU,SG,82.0,0.74,1.0756752,0.33567524909973145,0.33567524909973145
2025,2025-2026,Pat Spencer,GSW,PG,66.0,-0.31,0.035558257,0.3455582572519779,0.3455582572519779
2025,2025-2026,Justin Champagnie,WAS,SF,69.0,0.3,0.64981747,0.34981746673583985,0.34981746673583985
2025,2025-2026,Jabari Walker,PHI,PF,64.0,0.02,0.38541037,0.3654103684425354,0.3654103684425354
2025,2025-2026,Luke Kornet,SAS,C,68.0,0.51,0.8766369,0.36663692235946654,0.36663692235946654
2025,2025-2026,Bam Adebayo,MIA,C,73.0,0.54,0.91643566,0.37643565893173214,0.37643565893173214
2025,2025-2026,Mikal Bridges,NYK,SF,82.0,0.92,1.3003733,0.3803733158111572,0.3803733158111572
2025,2025-2026,Terance Mann,BRK,SG,63.0,-0.25,0.1342572,0.3842571973800659,0.3842571973800659
2025,2025-2026,Cedric Coward,MEM,SG,62.0,0.19,0.5983815,0.40838151931762695,0.40838151931762695
2025,2025-2026,Jared McCain,2TM,SG,67.0,0.22,0.6483073,0.4283073234558106,0.4283073234558106
2025,2025-2026,Gary Trent Jr.,MIL,SG,65.0,0.15,0.579888,0.4298879861831665,0.4298879861831665
2025,2025-2026,Nicolas Batum,LAC,PF,74.0,0.06,0.48995733,0.429957332611084,0.429957332611084
2025,2025-2026,Kawhi Leonard,LAC,SF,65.0,2.17,2.6112545,0.4412544536590577,0.4412544536590577
2025,2025-2026,Jaylen Brown,BOS,SF,71.0,0.99,1.435721,0.4457210397720337,0.4457210397720337
2025,2025-2026,Day'Ron Sharpe,BRK,C,62.0,-0.05,0.43805715,0.48805715441703795,0.48805715441703795
2025,2025-2026,Jay Huff,IND,C,82.0,0.37,0.86725163,0.4972516345977783,0.4972516345977783
2025,2025-2026,Yves Missi,NOP,C,66.0,-0.46,0.079268105,0.539268105328083,0.539268105328083
2025,2025-2026,Neemias Queta,BOS,C,76.0,0.46,1.008022,0.5480219507217408,0.5480219507217408
2025,2025-2026,Jalen Duren,DET,C,70.0,0.74,1.2951202,0.5551202392578125,0.5551202392578125
2025,2025-2026,Sandro Mamukelashvili,TOR,C,80.0,0.43,1.0004786,0.5704786252975464,0.5704786252975464
2025,2025-2026,Ochai Agbaji,2TM,SG,62.0,-0.2,0.3847455,0.5847455084323883,0.5847455084323883
2025,2025-2026,Duncan Robinson,DET,SG,77.0,0.78,1.372191,0.5921909523010254,0.5921909523010254
2025,2025-2026,Donovan Clingan,POR,C,77.0,0.14,0.7496757,0.6096756911277771,0.6096756911277771
2025,2025-2026,Quinten Post,GSW,PF,67.0,-0.13,0.49428433,0.6242843317985535,0.6242843317985535
2025,2025-2026,Jeremiah Fears,NOP,PG,82.0,-0.87,-0.23534092,0.6346590769290924,0.6346590769290924
2025,2025-2026,Malik Monk,SAC,SG,62.0,0.32,0.97435635,0.6543563532829284,0.6543563532829284
2025,2025-2026,Sam Hauser,BOS,PF,78.0,0.36,1.014447,0.6544469738006592,0.6544469738006592
2025,2025-2026,Brandon Miller,CHO,SF,65.0,0.46,1.1222214,0.6622213506698609,0.6622213506698609
2025,2025-2026,Trey Murphy III,NOP,SF,66.0,1.0,1.7522815,0.7522815465927124,0.7522815465927124
2025,2025-2026,Javonte Green,DET,SG,82.0,-0.03,0.7301523,0.7601523089408875,0.7601523089408875
2025,2025-2026,Julius Randle,MIN,PF,79.0,0.26,1.0204743,0.7604743146896362,0.7604743146896362
2025,2025-2026,Jaden McDaniels,MIN,PF,73.0,0.05,0.8220316,0.7720316171646118,0.7720316171646118
2025,2025-2026,Ben Sheppard,IND,SG,65.0,-0.35,0.43417343,0.784173434972763,0.784173434972763
2025,2025-2026,Jaylen Wells,MEM,SG,69.0,-0.16,0.6465433,0.8065433239936829,0.8065433239936829
2025,2025-2026,Isaiah Joe,OKC,SG,71.0,0.56,1.3849663,0.8249662542343139,0.8249662542343139
2025,2025-2026,Devin Booker,PHO,SG,64.0,0.75,1.5939369,0.8439369201660156,0.8439369201660156
2025,2025-2026,Brandon Ingram,TOR,SF,77.0,0.0,0.880188,0.88018798828125,0.88018798828125
2025,2025-2026,Davion Mitchell,MIA,PG,70.0,-0.62,0.28197938,0.9019793820381165,0.9019793820381165
2025,2025-2026,Luguentz Dort,OKC,SF,69.0,-0.45,0.4608561,0.9108561098575592,0.9108561098575592
2025,2025-2026,Collin Sexton,2TM,SG,68.0,0.08,1.0089725,0.9289725255966187,0.9289725255966187
2025,2025-2026,Julian Champagnie,SAS,SF,82.0,0.09,1.0386945,0.9486945009231568,0.9486945009231568
2025,2025-2026,Jalen Brunson,NYK,PG,74.0,1.21,2.1706963,0.9606962585449219,0.9606962585449219
2025,2025-2026,AJ Green,MIL,SG,78.0,0.07,1.0498672,0.9798671531677245,0.9798671531677245
2025,2025-2026,Tyrese Maxey,PHI,PG,70.0,1.48,2.4642303,0.9842302989959717,0.9842302989959717
2025,2025-2026,Luka Doncic,LAL,PG,64.0,1.2,2.4003663,1.2003663063049317,1.2003663063049317
2025,2025-2026,Toumani Camara,POR,PF,82.0,-0.36,0.84653515,1.2065351462364196,1.2065351462364196
2025,2025-2026,Payton Pritchard,BOS,PG,79.0,0.46,1.7023689,1.2423688554763794,1.2423688554763794
2025,2025-2026,Paolo Banchero,ORL,PF,72.0,-1.02,0.5107759,1.5307759237289429,1.5307759237289429
